Date,Time,Open,High,Low,Close,Volume
2012.08.27,00:00,10006,10018,9994,10017,3386
2012.08.28,00:00,10018,10027,9982,9990,3950
2012.08.29,00:00,9991,10013,9982,10011,3533
2012.08.30,00:00,10011,10036,9992,10030,3692
2012.08.31,00:00,10029,10031,9965,9986,4235
2012.09.02,00:00,9986,10000,9986,9999,356
2012.09.03,00:00,10000,10010,9990,10004,3150
2012.09.04,00:00,10003,10030,9984,10029,4142
2012.09.05,00:00,10029,10046,10001,10012,4380
2012.09.06,00:00,10013,10028,9987,9995,4507
2012.09.07,00:00,9994,9997,9892,9898,4159
2012.09.09,00:00,9900,9912,9899,9911,347
2012.09.10,00:00,9911,9930,9905,9927,3671
2012.09.11,00:00,9926,9928,9847,9858,4248
2012.09.12,00:00,9858,9863,9818,9837,4678
2012.09.13,00:00,9837,9845,9771,9788,4801
2012.09.14,00:00,9788,9789,9740,9772,4788
2012.09.16,00:00,9767,9780,9764,9778,385
2012.09.17,00:00,9777,9811,9764,9802,4249
2012.09.18,00:00,9801,9831,9793,9821,4557
2012.09.19,00:00,9822,9845,9797,9805,4868
2012.09.20,00:00,9804,9855,9803,9825,5039
2012.09.21,00:00,9825,9829,9778,9814,4662
2012.09.23,00:00,9814,9822,9807,9821,375
2012.09.24,00:00,9821,9850,9818,9822,4231
2012.09.25,00:00,9823,9848,9797,9845,4775
2012.09.26,00:00,9845,9875,9838,9848,4565
2012.09.27,00:00,9848,9851,9805,9814,4781
2012.09.28,00:00,9814,9874,9792,9861,4744
2012.09.30,00:00,9865,9887,9865,9883,447
2012.10.01,00:00,9884,9891,9843,9868,4603
2012.10.02,00:00,9868,9898,9855,9895,4669
2012.10.03,00:00,9896,9931,9894,9911,4386
2012.10.04,00:00,9912,9929,9861,9881,4786
2012.10.05,00:00,9880,9917,9863,9904,4158
2012.10.07,00:00,9907,9916,9906,9911,352
2012.10.08,00:00,9912,9927,9905,9912,4052
2012.10.09,00:00,9912,9947,9902,9944,4557
2012.10.10,00:00,9943,9949,9912,9928,4608
2012.10.11,00:00,9928,9932,9898,9911,4440
2012.10.12,00:00,9911,9913,9889,9908,3976
2012.10.14,00:00,9899,9920,9899,9919,297
2012.10.15,00:00,9918,9934,9908,9909,4305
2012.10.16,00:00,9910,9920,9864,9868,4269
2012.10.17,00:00,9868,9870,9832,9854,4372
2012.10.18,00:00,9855,9889,9844,9885,4594
2012.10.19,00:00,9884,9915,9882,9908,3935
2012.10.21,00:00,9911,9920,9909,9917,302
2012.10.22,00:00,9918,9934,9907,9921,4019
2012.10.23,00:00,9921,9977,9920,9962,4244
2012.10.24,00:00,9961,9962,9922,9932,4362
2012.10.25,00:00,9933,9941,9901,9933,4497
2012.10.26,00:00,9933,9943,9899,9912,4438
2012.10.28,00:00,9907,9927,9907,9923,334
2012.10.29,00:00,9922,9952,9918,9945,2988
2012.10.30,00:00,9943,9951,9901,9916,3418
2012.10.31,00:00,9915,9921,9891,9909,3886
2012.11.01,00:00,9910,9926,9901,9914,3820
2012.11.02,00:00,9915,9982,9914,9979,3864
2012.11.04,00:00,9981,9983,9977,9982,161
2012.11.05,00:00,9982,9991,9963,9971,3647
2012.11.06,00:00,9972,9982,9953,9962,3927
2012.11.07,00:00,9961,9976,9923,9969,5425
2012.11.08,00:00,9970,9982,9944,9958,4813
2012.11.09,00:00,9957,9981,9935,9978,4487
2012.11.11,00:00,9973,9978,9969,9975,378
2012.11.12,00:00,9976,9978,9961,9978,5743
2012.11.13,00:00,9978,9986,9963,9968,7997
2012.11.14,00:00,9968,10014,9962,10013,8128
2012.11.15,00:00,10013,10060,10003,10035,8388
2012.11.16,00:00,10034,10071,10028,10044,7694
2012.11.18,00:00,10042,10044,10033,10041,562
2012.11.19,00:00,10041,10043,10001,10025,7154
2012.11.20,00:00,10024,10037,10004,10026,7507
2012.11.21,00:00,10026,10059,10026,10035,7978
2012.11.22,00:00,10036,10050,10027,10033,6331
2012.11.23,00:00,10033,10035,9970,9979,6216
2012.11.25,00:00,9980,9989,9977,9987,445
2012.11.26,00:00,9987,9991,9959,9959,6871
2012.11.27,00:00,9959,9993,9955,9984,7578
2012.11.28,00:00,9984,9999,9968,9977,7931
2012.11.29,00:00,9978,9989,9962,9980,7187
2012.11.30,00:00,9980,10009,9973,9983,6986
2012.12.02,00:00,9986,9991,9984,9989,447
2012.12.03,00:00,9988,9993,9951,9953,6539
2012.12.04,00:00,9953,9961,9917,9926,7250
2012.12.05,00:00,9926,9959,9920,9957,7133
2012.12.06,00:00,9957,9980,9935,9979,7039
2012.12.07,00:00,9978,10013,9973,9984,6544
2012.12.09,00:00,9991,9998,9989,9992,516
2012.12.10,00:00,9992,9997,9961,9974,5661
2012.12.11,00:00,9974,9981,9942,9945,6040
2012.12.12,00:00,9945,9960,9923,9950,6915
2012.12.13,00:00,9950,9975,9947,9968,6652
2012.12.14,00:00,9968,9977,9922,9930,6583
2012.12.16,00:00,9954,9954,9939,9950,1051
2012.12.17,00:00,9950,9957,9931,9942,6432
2012.12.18,00:00,9942,9948,9920,9941,6122
2012.12.19,00:00,9941,9953,9921,9951,6868
2012.12.20,00:00,9950,9957,9924,9947,7197
2012.12.21,00:00,9947,9993,9947,9986,7716
2012.12.23,00:00,9993,9998,9990,9998,459
2012.12.24,00:00,9999,10025,9978,10022,3796
2012.12.26,00:00,10032,10043,10010,10036,4878
2012.12.27,00:00,10036,10063,10012,10055,7561
2012.12.28,00:00,10056,10065,10035,10037,6388
2012.12.30,00:00,10028,10035,10021,10032,586
2012.12.31,00:00,10032,10056,10024,10036,4662
2013.01.02,00:00,10010,10043,10000,10036,7625
2013.01.03,00:00,10036,10117,10032,10116,7776
2013.01.04,00:00,10115,10158,10105,10112,8115
2013.01.06,00:00,10108,10115,10105,10111,607
2013.01.07,00:00,10110,10126,10060,10063,7959
2013.01.08,00:00,10063,10098,10063,10071,8071
2013.01.09,00:00,10071,10120,10069,10118,7998
2013.01.10,00:00,10117,10124,10032,10065,9912
2013.01.11,00:00,10064,10075,10039,10062,8590
2013.01.13,00:00,10058,10075,10058,10071,813
2013.01.14,00:00,10070,10077,10049,10067,7857
2013.01.15,00:00,10066,10075,10044,10061,10052
2013.01.16,00:00,10060,10080,10046,10080,9761
2013.01.17,00:00,10080,10107,10072,10097,9967
2013.01.18,00:00,10097,10150,10093,10139,9142
2013.01.20,00:00,10145,10150,10140,10147,536
2013.01.21,00:00,10146,10147,10117,10135,6642
2013.01.22,00:00,10134,10142,10081,10095,10558
2013.01.23,00:00,10094,10113,10075,10104,8594
2013.01.24,00:00,10105,10175,10102,10173,9966
2013.01.25,00:00,10172,10177,10151,10165,8760
2013.01.27,00:00,10175,10181,10171,10180,635
2013.01.28,00:00,10179,10198,10170,10174,7819
2013.01.29,00:00,10174,10185,10147,10157,8150
2013.01.30,00:00,10158,10174,10141,10151,8621
2013.01.31,00:00,10150,10160,10133,10145,8258
2013.02.01,00:00,10144,10199,10139,10196,9215
2013.02.03,00:00,10192,10195,10187,10192,589
2013.02.04,00:00,10192,10213,10186,10190,8153
2013.02.05,00:00,10190,10249,10189,10237,9622
2013.02.06,00:00,10237,10279,10236,10263,8978
2013.02.07,00:00,10263,10296,10245,10296,9913
2013.02.08,00:00,10296,10300,10232,10250,8955
2013.02.10,00:00,10253,10256,10245,10249,703
2013.02.11,00:00,10249,10325,10247,10318,8075
2013.02.12,00:00,10319,10343,10263,10267,9688
2013.02.13,00:00,10267,10297,10249,10285,8717
2013.02.14,00:00,10284,10324,10280,10305,8976
2013.02.15,00:00,10304,10333,10273,10319,9450
2013.02.17,00:00,10334,10343,10332,10340,680
2013.02.18,00:00,10340,10355,10327,10330,6411
2013.02.19,00:00,10330,10340,10311,10324,7611
2013.02.20,00:00,10324,10412,10300,10403,9485
2013.02.21,00:00,10402,10421,10383,10389,10262
2013.02.22,00:00,10388,10402,10371,10401,8371
2013.02.24,00:00,10438,10440,10435,10439,354
2013.02.25,00:00,10439,10443,10365,10415,13232
2013.02.26,00:00,10415,10429,10391,10423,13186
2013.02.27,00:00,10424,10432,10395,10407,11517
2013.02.28,00:00,10406,10440,10391,10434,9666
2013.03.01,00:00,10434,10504,10419,10488,9263
2013.03.03,00:00,10486,10493,10485,10491,595
2013.03.04,00:00,10492,10519,10466,10467,8150
2013.03.05,00:00,10468,10473,10434,10446,8591
2013.03.06,00:00,10445,10510,10427,10504,8369
2013.03.07,00:00,10503,10513,10462,10488,9511
2013.03.08,00:00,10487,10575,10487,10560,8943
2013.03.10,00:00,10562,10576,10561,10572,717
2013.03.11,00:00,10572,10573,10541,10558,6913
2013.03.12,00:00,10558,10563,10523,10529,8638
2013.03.13,00:00,10528,10563,10504,10550,8505
2013.03.14,00:00,10549,10559,10477,10492,9107
2013.03.15,00:00,10492,10506,10449,10454,8349
2013.03.17,00:00,10473,10496,10465,10496,2071
2013.03.18,00:00,10495,10499,10463,10487,9977
2013.03.19,00:00,10488,10507,10480,10503,10043
2013.03.20,00:00,10503,10514,10470,10505,9373
2013.03.21,00:00,10505,10509,10450,10461,9698
2013.03.22,00:00,10460,10466,10417,10423,7978
2013.03.24,00:00,10424,10433,10413,10425,1015
2013.03.25,00:00,10425,10460,10414,10442,9415
2013.03.26,00:00,10442,10463,10434,10456,8220
2013.03.27,00:00,10457,10489,10451,10477,7612
2013.03.28,00:00,10476,10485,10452,10463,8057
2013.03.29,00:00,10463,10468,10451,10462,4212
2013.03.31,00:00,10459,10472,10459,10468,417
2013.04.01,00:00,10468,10480,10422,10425,5626
2013.04.02,00:00,10425,10455,10391,10448,7545
2013.04.03,00:00,10447,10465,10411,10426,7411
2013.04.04,00:00,10426,10528,10414,10486,11229
2013.04.05,00:00,10487,10511,10436,10484,10598
2013.04.07,00:00,10509,10524,10498,10522,1502
2013.04.08,00:00,10522,10538,10495,10523,8776
2013.04.09,00:00,10523,10525,10471,10481,9565
2013.04.10,00:00,10480,10495,10465,10488,8262
2013.04.11,00:00,10487,10497,10444,10462,9121
2013.04.12,00:00,10461,10482,10444,10453,8395
2013.04.14,00:00,10452,10459,10449,10456,673
2013.04.15,00:00,10455,10500,10446,10480,13308
2013.04.16,00:00,10481,10507,10442,10453,11585
2013.04.17,00:00,10454,10534,10452,10528,11444
2013.04.18,00:00,10528,10532,10507,10523,10434
2013.04.19,00:00,10523,10565,10505,10562,9071
2013.04.21,00:00,10561,10572,10561,10570,759
2013.04.22,00:00,10570,10579,10542,10548,8471
2013.04.23,00:00,10547,10583,10544,10582,9603
2013.04.24,00:00,10581,10586,10555,10561,8398
2013.04.25,00:00,10560,10563,10494,10532,8831
2013.04.26,00:00,10532,10533,10482,10495,9588
2013.04.28,00:00,10486,10492,10479,10488,725
2013.04.29,00:00,10488,10493,10448,10464,7055
2013.04.30,00:00,10464,10469,10414,10422,8220
2013.05.01,00:00,10423,10446,10399,10433,8354
2013.05.02,00:00,10433,10502,10433,10485,9321
2013.05.03,00:00,10485,10526,10464,10475,7791
2013.05.05,00:00,10479,10487,10479,10482,484
2013.05.06,00:00,10482,10522,10471,10515,5746
2013.05.07,00:00,10515,10543,10501,10529,7768
2013.05.08,00:00,10529,10540,10485,10501,7907
2013.05.09,00:00,10502,10616,10479,10608,9858
2013.05.10,00:00,10609,10697,10601,10657,10754
2013.05.12,00:00,10669,10685,10665,10681,763
2013.05.13,00:00,10680,10701,10658,10682,8336
2013.05.14,00:00,10682,10743,10659,10730,9272
2013.05.15,00:00,10729,10775,10723,10741,9444
2013.05.16,00:00,10740,10781,10715,10750,10234
2013.05.17,00:00,10750,10828,10749,10818,8410
2013.05.19,00:00,10799,10814,10782,10803,1206
2013.05.20,00:00,10802,10814,10746,10754,8392
2013.05.21,00:00,10754,10814,10753,10769,8969
2013.05.22,00:00,10770,10866,10759,10856,11563
2013.05.23,00:00,10855,10876,10766,10813,13370
2013.05.24,00:00,10812,10824,10771,10788,10780
2013.05.26,00:00,10784,10795,10781,10790,789
2013.05.27,00:00,10790,10800,10772,10796,5762
2013.05.28,00:00,10796,10869,10792,10867,9983
2013.05.29,00:00,10866,10877,10773,10785,11339
2013.05.30,00:00,10785,10817,10733,10747,12502
2013.05.31,00:00,10746,10802,10738,10767,10810
2013.06.02,00:00,10767,10769,10755,10758,569
2013.06.03,00:00,10758,10767,10643,10678,11053
2013.06.04,00:00,10678,10731,10663,10719,10405
2013.06.05,00:00,10719,10729,10685,10708,11914
2013.06.06,00:00,10707,10728,10523,10599,15050
2013.06.07,00:00,10599,10651,10535,10629,16738
2013.06.09,00:00,10666,10674,10658,10673,1223
2013.06.10,00:00,10673,10700,10641,10667,11597
2013.06.11,00:00,10667,10677,10568,10580,16156
2013.06.12,00:00,10580,10608,10520,10547,13561
2013.06.13,00:00,10547,10549,10469,10508,15619
2013.06.14,00:00,10508,10526,10481,10488,12622
2013.06.16,00:00,10483,10493,10478,10488,729
2013.06.17,00:00,10488,10531,10481,10497,9857
2013.06.18,00:00,10496,10574,10493,10550,10531
2013.06.19,00:00,10550,10669,10510,10663,12911
2013.06.20,00:00,10663,10752,10643,10697,17058
2013.06.21,00:00,10697,10759,10678,10742,12827
2013.06.23,00:00,10755,10762,10746,10757,1013
2013.06.24,00:00,10757,10790,10708,10717,14114
2013.06.25,00:00,10717,10757,10704,10754,12626
2013.06.26,00:00,10754,10777,10718,10759,11643
2013.06.27,00:00,10758,10801,10742,10789,10456
2013.06.28,00:00,10789,10863,10779,10844,10773
2013.06.30,00:00,10848,10856,10846,10851,764
2013.07.01,00:00,10851,10851,10813,10817,8729
2013.07.02,00:00,10818,10896,10814,10894,9633
2013.07.03,00:00,10893,10920,10847,10851,11028
2013.07.04,00:00,10851,10920,10849,10914,10223
2013.07.05,00:00,10914,10992,10910,10987,9544
2013.07.07,00:00,10996,11009,10993,11009,694
2013.07.08,00:00,11008,11009,10943,10958,7699
2013.07.09,00:00,10957,10990,10928,10984,9612
2013.07.10,00:00,10983,10991,10757,10812,14572
2013.07.11,00:00,10811,10864,10767,10824,15899
2013.07.12,00:00,10823,10906,10817,10874,9984
2013.07.14,00:00,10848,10873,10843,10865,742
2013.07.15,00:00,10865,10926,10854,10883,9029
2013.07.16,00:00,10882,10882,10788,10805,10831
2013.07.17,00:00,10806,10842,10771,10810,11299
2013.07.18,00:00,10810,10867,10804,10844,9506
2013.07.19,00:00,10844,10863,10810,10830,8368
2013.07.21,00:00,10826,10832,10810,10810,873
2013.07.22,00:00,10810,10815,10752,10761,8368
2013.07.23,00:00,10761,10794,10740,10751,8693
2013.07.24,00:00,10752,10827,10743,10823,10134
2013.07.25,00:00,10822,10823,10717,10747,10451
2013.07.26,00:00,10746,10748,10704,10718,8471
2013.07.28,00:00,10713,10721,10698,10712,748
2013.07.29,00:00,10712,10747,10693,10739,8399
2013.07.30,00:00,10739,10803,10737,10785,8487
2013.07.31,00:00,10785,10852,10777,10815,5748
2013.08.01,00:00,10814,10887,10802,10877,5216
2013.08.02,00:00,10877,10897,10821,10835,4951
2013.08.04,00:00,10824,10839,10824,10836,409
2013.08.05,00:00,10834,10857,10804,10812,4523
2013.08.06,00:00,10813,10814,10756,10768,4841
2013.08.07,00:00,10767,10803,10710,10715,5267
2013.08.08,00:00,10716,10731,10650,10681,5101
2013.08.09,00:00,10681,10687,10652,10658,3902
2013.08.11,00:00,10665,10667,10652,10660,393
2013.08.12,00:00,10659,10721,10656,10718,4051
2013.08.13,00:00,10718,10760,10706,10748,4486
2013.08.14,00:00,10748,10758,10715,10718,4429
2013.08.15,00:00,10718,10757,10666,10670,5781
2013.08.16,00:00,10671,10687,10646,10676,4390
2013.08.18,00:00,10672,10680,10670,10674,369
2013.08.19,00:00,10673,10697,10658,10688,4389
2013.08.20,00:00,10689,10705,10652,10677,4706
2013.08.21,00:00,10677,10732,10677,10732,5503
2013.08.22,00:00,10731,10766,10724,10743,4941
2013.08.23,00:00,10744,10768,10715,10738,4340
2013.08.25,00:00,10727,10739,10726,10734,389
2013.08.26,00:00,10733,10747,10708,10730,3625
2013.08.27,00:00,10731,10762,10711,10720,4485
2013.08.28,00:00,10720,10773,10718,10751,4597
2013.08.29,00:00,10752,10800,10735,10790,4469
2013.08.30,00:00,10790,10812,10772,10793,3967
2013.09.01,00:00,10783,10797,10783,10793,383
2013.09.02,00:00,10792,10808,10773,10801,3622
2013.09.03,00:00,10801,10809,10780,10788,4331
2013.09.04,00:00,10788,10792,10733,10749,3855
2013.09.05,00:00,10749,10792,10743,10788,4131
2013.09.06,00:00,10789,10789,10714,10731,3862
2013.09.08,00:00,10743,10754,10737,10752,451
2013.09.09,00:00,10752,10754,10696,10710,3506
2013.09.10,00:00,10711,10720,10690,10698,3675
2013.09.11,00:00,10697,10711,10651,10656,3867
2013.09.12,00:00,10656,10696,10646,10674,4251
2013.09.13,00:00,10674,10700,10654,10662,3422
2013.09.15,00:00,10603,10616,10589,10615,795
2013.09.16,00:00,10615,10634,10584,10628,3627
2013.09.17,00:00,10628,10642,10611,10617,3358
2013.09.18,00:00,10616,10627,10471,10494,4576
2013.09.19,00:00,10495,10554,10483,10545,4471
2013.09.20,00:00,10545,10580,10534,10563,3432
2013.09.22,00:00,10559,10567,10556,10557,343
2013.09.23,00:00,10557,10560,10527,10544,3625
2013.09.24,00:00,10545,10573,10545,10564,3629
2013.09.25,00:00,10565,10573,10536,10542,3466
2013.09.26,00:00,10543,10580,10532,10565,3447
2013.09.27,00:00,10564,10575,10529,10538,3350
2013.09.29,00:00,10527,10540,10526,10534,539
2013.09.30,00:00,10534,10541,10511,10531,4165
2013.10.01,00:00,10532,10541,10473,10504,4716
2013.10.02,00:00,10505,10517,10473,10474,4143
2013.10.03,00:00,10474,10492,10467,10475,4098
2013.10.04,00:00,10474,10509,10455,10508,3584
2013.10.06,00:00,10495,10503,10492,10494,312
2013.10.07,00:00,10494,10502,10470,10472,3451
2013.10.08,00:00,10472,10493,10462,10466,3781
2013.10.09,00:00,10466,10541,10465,10520,4110
2013.10.10,00:00,10519,10552,10514,10529,4071
2013.10.11,00:00,10530,10542,10513,10535,3226
2013.10.13,00:00,10530,10533,10526,10529,362
2013.10.14,00:00,10530,10532,10501,10519,2802
2013.10.15,00:00,10518,10540,10499,10516,4083
2013.10.16,00:00,10515,10549,10494,10529,3981
2013.10.17,00:00,10530,10531,10414,10431,4335
2013.10.18,00:00,10430,10437,10389,10405,3209
2013.10.20,00:00,10408,10408,10405,10406,28
2013.10.21,00:00,10407,10431,10406,10428,4036
2013.10.22,00:00,10428,10436,10369,10379,2905
2013.10.23,00:00,10379,10407,10354,10389,3726
2013.10.24,00:00,10389,10406,10367,10385,3791
2013.10.25,00:00,10384,10405,10362,10397,3627
2013.10.27,00:00,10401,10403,10395,10397,269
2013.10.28,00:00,10398,10426,10385,10420,3000
2013.10.29,00:00,10421,10475,10419,10471,3741
2013.10.30,00:00,10469,10505,10449,10487,3872
2013.10.31,00:00,10487,10514,10469,10509,4043
2013.11.01,00:00,10509,10566,10499,10558,3627
2013.11.03,00:00,10555,10557,10549,10551,274
2013.11.04,00:00,10551,10565,10524,10527,3155
2013.11.05,00:00,10527,10539,10503,10523,3657
2013.11.06,00:00,10522,10526,10492,10505,3276
2013.11.07,00:00,10505,10589,10505,10532,4451
2013.11.08,00:00,10532,10616,10521,10592,3682
2013.11.10,00:00,10591,10601,10589,10600,248
2013.11.11,00:00,10599,10601,10583,10592,2968
2013.11.12,00:00,10591,10641,10591,10625,3740
2013.11.13,00:00,10625,10632,10560,10570,4003
2013.11.14,00:00,10570,10625,10560,10609,4293
2013.11.15,00:00,10608,10615,10570,10576,2899
2013.11.17,00:00,10569,10582,10569,10580,211
2013.11.18,00:00,10580,10585,10545,10567,3387
2013.11.19,00:00,10567,10572,10535,10540,4008
2013.11.20,00:00,10540,10602,10540,10600,4350
2013.11.21,00:00,10599,10636,10596,10625,4451
2013.11.22,00:00,10624,10639,10612,10621,3288
2013.11.24,00:00,10617,10619,10610,10617,210
2013.11.25,00:00,10616,10657,10609,10624,3632
2013.11.26,00:00,10624,10661,10617,10628,3404
2013.11.27,00:00,10629,10652,10609,10643,3782
2013.11.28,00:00,10642,10645,10613,10631,3249
2013.11.29,00:00,10630,10641,10608,10622,3321
2013.12.01,00:00,10617,10628,10617,10622,244
2013.12.02,00:00,10622,10653,10594,10643,3710
2013.12.03,00:00,10643,10666,10601,10613,4069
2013.12.04,00:00,10614,10669,10613,10642,4486
2013.12.05,00:00,10641,10660,10606,10612,4499
2013.12.06,00:00,10612,10660,10601,10617,3810
2013.12.08,00:00,10610,10625,10610,10623,336
2013.12.09,00:00,10624,10627,10600,10609,3377
2013.12.10,00:00,10608,10612,10565,10575,3498
2013.12.11,00:00,10575,10615,10575,10603,3805
2013.12.12,00:00,10603,10668,10594,10666,4272
2013.12.13,00:00,10665,10687,10653,10659,3447
2013.12.15,00:00,10659,10663,10657,10662,225
2013.12.16,00:00,10662,10663,10639,10656,3483
2013.12.17,00:00,10655,10687,10645,10656,3434
2013.12.18,00:00,10656,10712,10620,10703,4533
2013.12.19,00:00,10704,10718,10692,10708,3797
2013.12.20,00:00,10709,10727,10672,10687,3555
2013.12.22,00:00,10687,10692,10686,10690,171
2013.12.23,00:00,10690,10690,10668,10684,3206
2013.12.24,00:00,10683,10697,10683,10689,1888
2013.12.26,00:00,10696,10705,10690,10698,1980
2013.12.27,00:00,10699,10700,10631,10692,3683
2013.12.29,00:00,10684,10695,10684,10692,271
2013.12.30,00:00,10693,10703,10648,10656,3327
2013.12.31,00:00,10655,10665,10645,10653,2087
2014.01.02,00:00,10659,10718,10656,10688,3588
2014.01.03,00:00,10689,10706,10658,10701,4194
2014.01.06,00:00,10697,10707,10667,10679,4054
2014.01.07,00:00,10678,10717,10676,10699,3775
2014.01.08,00:00,10700,10719,10687,10711,3940
2014.01.09,00:00,10710,10721,10695,10700,3862
2014.01.10,00:00,10699,10728,10637,10652,3961
2014.01.13,00:00,10645,10653,10619,10631,3864
2014.01.14,00:00,10629,10670,10629,10665,3593
2014.01.15,00:00,10664,10724,10664,10708,3595
2014.01.16,00:00,10709,10754,10707,10727,3666
2014.01.17,00:00,10728,10750,10721,10741,3501
2014.01.20,00:00,10740,10750,10718,10726,2766
2014.01.21,00:00,10727,10756,10717,10721,3469
2014.01.22,00:00,10721,10728,10687,10701,3556
2014.01.23,00:00,10702,10720,10657,10661,4403
2014.01.24,00:00,10660,10691,10652,10686,4925
2014.01.27,00:00,10680,10692,10660,10666,4674
2014.01.28,00:00,10666,10680,10648,10665,3906
2014.01.29,00:00,10665,10690,10649,10666,5121
2014.01.30,00:00,10665,10706,10662,10694,4392
2014.01.31,00:00,10694,10725,10688,10713,4643
2014.02.03,00:00,10709,10724,10685,10705,4401
2014.02.04,00:00,10704,10715,10667,10674,4293
2014.02.05,00:00,10674,10691,10658,10673,4338
2014.02.06,00:00,10672,10675,10641,10662,3812
2014.02.07,00:00,10661,10674,10627,10644,3698
2014.02.10,00:00,10653,10656,10638,10644,2901
2014.02.11,00:00,10643,10646,10606,10623,3437
2014.02.12,00:00,10623,10630,10599,10609,3384
2014.02.13,00:00,10608,10628,10578,10587,3667
2014.02.14,00:00,10587,10591,10547,10551,3552
2014.02.17,00:00,10532,10562,10520,10554,3111
2014.02.18,00:00,10554,10578,10541,10560,3761
2014.02.19,00:00,10560,10576,10548,10571,3619
2014.02.20,00:00,10570,10594,10562,10576,3997
2014.02.21,00:00,10576,10602,10573,10591,3469
2014.02.24,00:00,10585,10600,10565,10570,3440
2014.02.25,00:00,10569,10576,10547,10562,3291
2014.02.26,00:00,10561,10608,10561,10589,3584
2014.02.27,00:00,10589,10615,10577,10579,3556
2014.02.28,00:00,10580,10583,10545,10555,3808
2014.03.03,00:00,10570,10577,10549,10571,3696
2014.03.04,00:00,10570,10590,10560,10582,3386
2014.03.05,00:00,10581,10588,10564,10567,3423
2014.03.06,00:00,10568,10576,10517,10530,3691
2014.03.07,00:00,10530,10545,10502,10540,3496
2014.03.10,00:00,10539,10571,10536,10563,2858
2014.03.11,00:00,10563,10580,10558,10577,2961
2014.03.12,00:00,10576,10589,10556,10560,3220
2014.03.13,00:00,10561,10561,10507,10536,3957
2014.03.14,00:00,10536,10549,10513,10517,3610
2014.03.17,00:00,10524,10528,10499,10510,3233
2014.03.18,00:00,10511,10521,10498,10500,3289
2014.03.19,00:00,10499,10584,10495,10564,3537
2014.03.20,00:00,10565,10600,10564,10583,3528
2014.03.21,00:00,10582,10585,10562,10566,2821
2014.03.24,00:00,10565,10584,10529,10546,3405
2014.03.25,00:00,10547,10563,10528,10536,3399
2014.03.26,00:00,10537,10543,10508,10516,3295
2014.03.27,00:00,10517,10524,10499,10515,3432
2014.03.28,00:00,10515,10529,10503,10523,3025
2014.03.31,00:00,10522,10541,10506,10520,3337
2014.04.01,00:00,10520,10536,10510,10533,2916
2014.04.02,00:00,10532,10549,10526,10543,2801
2014.04.03,00:00,10543,10572,10541,10561,3263
2014.04.04,00:00,10561,10572,10539,10542,3038
2014.04.07,00:00,10540,10547,10528,10529,2418
2014.04.08,00:00,10530,10532,10444,10450,3311
2014.04.09,00:00,10449,10464,10422,10428,3111
2014.04.10,00:00,10428,10436,10400,10409,3309
2014.04.11,00:00,10409,10433,10407,10425,3190
2014.04.14,00:00,10432,10448,10426,10434,3057
2014.04.15,00:00,10434,10461,10433,10451,2886
2014.04.16,00:00,10451,10464,10437,10444,3024
2014.04.17,00:00,10444,10463,10426,10458,2495
2014.04.18,00:00,10457,10466,10454,10458,1473
2014.04.21,00:00,10455,10471,10454,10467,1579
2014.04.22,00:00,10468,10469,10444,10451,2258
2014.04.23,00:00,10451,10477,10449,10472,2625
2014.04.24,00:00,10471,10491,10461,10468,2780
2014.04.25,00:00,10468,10474,10451,10465,2313
2014.04.28,00:00,10457,10475,10440,10469,2422
2014.04.29,00:00,10469,10478,10464,10474,2324
2014.04.30,00:00,10473,10477,10436,10443,3024
2014.05.01,00:00,10442,10451,10427,10444,2149
2014.05.02,00:00,10445,10495,10443,10444,2730
2014.05.05,00:00,10435,10449,10433,10444,2182
2014.05.06,00:00,10444,10445,10378,10389,2723
2014.05.07,00:00,10388,10409,10385,10406,2805
2014.05.08,00:00,10407,10409,10370,10406,3248
2014.05.09,00:00,10405,10447,10405,10441,2378
2014.05.12,00:00,10441,10449,10429,10444,2033
2014.05.13,00:00,10443,10472,10443,10463,2544
2014.05.14,00:00,10464,10466,10438,10460,2659
2014.05.15,00:00,10460,10486,10448,10456,3026
2014.05.16,00:00,10455,10460,10444,10453,2414
2014.05.19,00:00,10449,10459,10435,10457,2525
2014.05.20,00:00,10456,10477,10455,10473,2453
2014.05.21,00:00,10473,10494,10452,10464,3066
2014.05.22,00:00,10464,10497,10464,10488,2682
2014.05.23,00:00,10487,10507,10483,10503,2216
2014.05.26,00:00,10499,10507,10490,10495,1674
2014.05.27,00:00,10496,10516,10479,10498,2499
2014.05.28,00:00,10499,10531,10495,10526,2515
2014.05.29,00:00,10526,10527,10494,10505,2655
2014.05.30,00:00,10504,10505,10485,10490,2583
2014.06.02,00:00,10489,10533,10487,10526,2469
2014.06.03,00:00,10526,10532,10511,10519,2564
2014.06.04,00:00,10518,10534,10509,10527,2526
2014.06.05,00:00,10528,10541,10478,10481,3143
2014.06.06,00:00,10480,10503,10466,10489,2664
2014.06.09,00:00,10487,10505,10473,10494,1913
2014.06.10,00:00,10494,10511,10483,10503,2377
2014.06.11,00:00,10502,10512,10480,10492,2386
2014.06.12,00:00,10493,10497,10448,10448,3068
2014.06.13,00:00,10449,10469,10441,10458,2667
2014.06.16,00:00,10458,10463,10440,10445,2407
2014.06.17,00:00,10445,10481,10445,10474,2308
2014.06.18,00:00,10475,10487,10438,10439,2648
2014.06.19,00:00,10439,10446,10417,10432,2618
2014.06.20,00:00,10432,10452,10421,10442,2019
2014.06.23,00:00,10445,10447,10419,10429,2218
2014.06.24,00:00,10427,10459,10426,10450,2253
2014.06.25,00:00,10450,10455,10425,10434,2189
2014.06.26,00:00,10435,10439,10423,10425,2248
2014.06.27,00:00,10425,10427,10406,10410,2079
2014.06.30,00:00,10407,10420,10382,10386,2211
2014.07.01,00:00,10385,10396,10363,10369,2268
2014.07.02,00:00,10369,10397,10369,10388,2102
2014.07.03,00:00,10389,10442,10388,10431,2465
2014.07.04,00:00,10431,10435,10420,10427,1455
2014.07.07,00:00,10424,10440,10419,10423,1725
2014.07.08,00:00,10424,10425,10405,10409,1970
2014.07.09,00:00,10409,10423,10392,10397,2313
2014.07.10,00:00,10398,10419,10382,10406,2298
2014.07.11,00:00,10407,10417,10398,10408,1932
2014.07.14,00:00,10413,10423,10403,10416,1784
2014.07.15,00:00,10417,10432,10399,10424,2513
2014.07.16,00:00,10425,10446,10423,10433,2211
2014.07.17,00:00,10434,10441,10426,10433,2210
2014.07.18,00:00,10434,10452,10425,10429,2365
2014.07.21,00:00,10427,10441,10421,10438,1735
2014.07.22,00:00,10437,10455,10431,10447,2420
2014.07.23,00:00,10446,10451,10427,10435,2256
2014.07.24,00:00,10435,10466,10433,10460,2371
2014.07.25,00:00,10459,10477,10455,10474,2175
2014.07.28,00:00,10471,10478,10465,10469,1643
2014.07.29,00:00,10469,10497,10466,10492,1993
2014.07.30,00:00,10491,10544,10488,10524,2581
2014.07.31,00:00,10523,10555,10523,10539,2377
2014.08.01,00:00,10540,10558,10517,10532,2796
2014.08.04,00:00,10529,10539,10523,10523,1760
2014.08.05,00:00,10524,10552,10518,10536,2204
2014.08.06,00:00,10535,10550,10508,10518,2513
2014.08.07,00:00,10517,10557,10515,10545,2883
2014.08.08,00:00,10543,10556,10529,10542,3068
2014.08.11,00:00,10544,10555,10543,10552,1735
2014.08.12,00:00,10552,10567,10549,10551,2059
2014.08.13,00:00,10552,10572,10542,10566,2378
2014.08.14,00:00,10566,10579,10551,10564,2260
2014.08.15,00:00,10564,10569,10552,10554,2326
2014.08.18,00:00,10548,10564,10546,10558,1811
2014.08.19,00:00,10558,10597,10557,10596,2049
2014.08.20,00:00,10596,10635,10593,10631,2878
2014.08.21,00:00,10630,10652,10619,10627,2361
2014.08.22,00:00,10626,10648,10615,10632,2561
2014.08.25,00:00,10652,10661,10637,10649,2145
2014.08.26,00:00,10649,10661,10633,10657,2346
2014.08.27,00:00,10658,10660,10630,10636,2385
2014.08.28,00:00,10636,10639,10616,10629,2615
2014.08.29,00:00,10628,10655,10626,10646,2301
2014.09.01,00:00,10654,10656,10638,10653,1629
2014.09.02,00:00,10653,10706,10651,10702,2616
2014.09.03,00:00,10703,10714,10677,10678,2863
2014.09.04,00:00,10677,10746,10675,10745,3192
2014.09.05,00:00,10745,10768,10716,10733,2941
2014.09.08,00:00,10757,10824,10749,10820,3142
2014.09.09,00:00,10821,10856,10814,10835,3837
2014.09.10,00:00,10834,10873,10821,10844,4092
2014.09.11,00:00,10843,10866,10828,10855,4036
2014.09.12,00:00,10855,10883,10847,10867,3694
2014.09.15,00:00,10879,10888,10863,10874,2557
2014.09.16,00:00,10873,10898,10827,10846,3751
2014.09.17,00:00,10846,10928,10834,10918,4260
2014.09.18,00:00,10918,10937,10884,10886,4380
2014.09.19,00:00,10886,10944,10873,10944,5282
2014.09.22,00:00,10937,10956,10913,10938,3697
2014.09.23,00:00,10938,10952,10903,10942,3709
2014.09.24,00:00,10942,10963,10919,10954,3662
2014.09.25,00:00,10955,11004,10954,10982,4363
2014.09.26,00:00,10983,11028,10969,11022,3914
2014.09.29,00:00,11024,11057,11016,11036,4065
2014.09.30,00:00,11036,11076,11011,11047,4128
2014.10.01,00:00,11046,11083,11033,11042,4830
2014.10.02,00:00,11041,11049,10998,11016,5537
2014.10.03,00:00,11015,11143,11013,11127,3908
2014.10.06,00:00,11126,11137,11032,11044,4108
2014.10.07,00:00,11044,11078,11004,11013,5576
2014.10.08,00:00,11013,11058,10979,10984,5743
2014.10.09,00:00,10985,11026,10945,11011,5996
2014.10.10,00:00,11011,11067,11004,11051,4950
2014.10.13,00:00,11047,11052,10987,10989,4859
2014.10.14,00:00,10988,11061,10984,11055,4682
2014.10.15,00:00,11055,11076,10918,10953,6560
2014.10.16,00:00,10954,11017,10953,10973,7077
2014.10.17,00:00,10973,10998,10951,10993,5018
2014.10.20,00:00,10996,11008,10957,10966,4213
2014.10.21,00:00,10967,10994,10937,10992,4707
2014.10.22,00:00,10993,11026,10979,11018,4154
2014.10.23,00:00,11017,11052,11014,11046,4290
2014.10.24,00:00,11046,11051,11003,11023,3962
2014.10.27,00:00,11023,11023,10992,11004,3624
2014.10.28,00:00,11003,11009,10962,10988,3426
2014.10.29,00:00,10989,11060,10962,11054,3711
2014.10.30,00:00,11053,11096,11040,11055,4582
2014.10.31,00:00,11055,11155,11051,11132,5497
2014.11.03,00:00,11153,11202,11153,11201,5023
2014.11.04,00:00,11200,11202,11153,11163,4847
2014.11.05,00:00,11162,11248,11152,11230,4839
2014.11.06,00:00,11229,11294,11203,11291,6021
2014.11.07,00:00,11292,11302,11229,11244,5221
2014.11.10,00:00,11232,11263,11207,11260,4345
2014.11.11,00:00,11261,11291,11209,11235,5157
2014.11.12,00:00,11235,11262,11213,11252,5822
2014.11.13,00:00,11252,11270,11239,11260,4566
2014.11.14,00:00,11261,11323,11245,11259,5099
2014.11.17,00:00,11250,11296,11219,11292,4846
2014.11.18,00:00,11293,11299,11265,11278,4418
2014.11.19,00:00,11277,11320,11277,11307,4992
2014.11.20,00:00,11308,11348,11295,11312,5448
2014.11.21,00:00,11311,11339,11285,11327,5799
2014.11.24,00:00,11335,11350,11319,11330,4087
2014.11.25,00:00,11329,11372,11328,11340,5022
2014.11.26,00:00,11340,11358,11308,11313,4491
2014.11.27,00:00,11314,11336,11284,11330,3549
2014.11.28,00:00,11330,11380,11329,11368,4067
2014.12.01,00:00,11378,11406,11327,11354,5254
2014.12.02,00:00,11353,11411,11343,11408,4243
2014.12.03,00:00,11408,11436,11400,11431,4521
2014.12.04,00:00,11432,11453,11391,11426,4817
2014.12.05,00:00,11427,11503,11420,11494,4487
2014.12.08,00:00,11502,11522,11456,11475,4438
2014.12.09,00:00,11476,11504,11385,11448,5925
2014.12.10,00:00,11448,11462,11390,11394,5831
2014.12.11,00:00,11394,11453,11362,11420,6316
2014.12.12,00:00,11420,11442,11400,11422,5649
2014.12.15,00:00,11415,11454,11404,11434,5968
2014.12.16,00:00,11434,11441,11346,11380,6928
2014.12.17,00:00,11380,11508,11378,11494,6381
2014.12.18,00:00,11494,11515,11463,11483,5702
2014.12.19,00:00,11483,11525,11478,11515,4719
2014.12.22,00:00,11517,11538,11499,11530,3289
2014.12.23,00:00,11531,11580,11531,11568,3310
2014.12.24,00:00,11569,11573,11551,11552,2688
2014.12.26,00:00,11544,11560,11543,11554,1475
2014.12.29,00:00,11550,11570,11535,11566,3496
2014.12.30,00:00,11566,11572,11513,11527,3841
2014.12.31,00:00,11528,11551,11514,11550,2892
2015.01.02,00:00,11576,11636,11571,11632,3518
2015.01.05,00:00,11652,11685,11631,11648,5342
2015.01.06,00:00,11647,11661,11607,11655,5714
2015.01.07,00:00,11653,11713,11653,11684,5682
2015.01.08,00:00,11685,11715,11676,11690,4369
2015.01.09,00:00,11690,11700,11633,11635,5272
2015.01.12,00:00,11623,11678,11611,11643,4686
2015.01.13,00:00,11643,11675,11618,11647,5467
2015.01.14,00:00,11647,11665,11587,11628,6040
2015.01.15,00:00,11627,11667,11584,11629,7132
2015.01.16,00:00,11630,11713,11619,11666,7072
2015.01.19,00:00,11672,11676,11652,11669,4578
2015.01.20,00:00,11670,11708,11669,11703,4892
2015.01.21,00:00,11703,11720,11643,11701,6008
2015.01.22,00:00,11702,11813,11665,11790,6450
2015.01.23,00:00,11791,11863,11780,11840,6941
2015.01.26,00:00,11851,11867,11812,11825,5640
2015.01.27,00:00,11826,11836,11746,11771,5931
2015.01.28,00:00,11771,11809,11747,11804,5999
2015.01.29,00:00,11803,11874,11798,11851,5536
2015.01.30,00:00,11852,11860,11825,11847,5421
2015.02.02,00:00,11829,11848,11812,11829,4879
2015.02.03,00:00,11830,11880,11754,11787,6040
2015.02.04,00:00,11788,11822,11769,11814,5751
2015.02.05,00:00,11815,11826,11750,11760,5268
2015.02.06,00:00,11760,11838,11736,11826,4640
2015.02.09,00:00,11840,11843,11805,11822,4323
2015.02.10,00:00,11821,11853,11803,11836,4761
2015.02.11,00:00,11835,11878,11827,11860,4524
2015.02.12,00:00,11863,11886,11783,11804,5678
2015.02.13,00:00,11803,11810,11769,11790,4698
2015.02.16,00:00,11778,11812,11769,11797,3737
2015.02.17,00:00,11796,11809,11768,11788,4594
2015.02.18,00:00,11788,11803,11757,11774,4598
2015.02.19,00:00,11772,11798,11754,11789,4233
2015.02.20,00:00,11790,11801,11763,11778,4766
2015.02.23,00:00,11774,11820,11774,11784,3791
2015.02.24,00:00,11783,11830,11774,11778,4479
2015.02.25,00:00,11777,11782,11740,11748,4300
2015.02.26,00:00,11747,11834,11737,11827,4439
2015.02.27,00:00,11826,11833,11803,11822,4613
2015.03.02,00:00,11830,11859,11825,11855,3763
2015.03.03,00:00,11855,11862,11816,11838,3848
2015.03.04,00:00,11839,11878,11829,11871,3968
2015.03.05,00:00,11870,11919,11869,11899,4356
2015.03.06,00:00,11899,11994,11888,11992,4422
2015.03.09,00:00,11997,12003,11962,11985,4031
2015.03.10,00:00,11984,12056,11983,12041,5713
2015.03.11,00:00,12040,12124,12030,12103,5888
2015.03.12,00:00,12103,12122,12021,12065,5905
2015.03.13,00:00,12064,12149,12064,12135,5289
2015.03.16,00:00,12137,12140,12083,12102,4650
2015.03.17,00:00,12102,12125,12087,12116,4579
2015.03.18,00:00,12117,12135,11886,11972,5527
2015.03.19,00:00,11972,12120,11947,12088,7619
2015.03.20,00:00,12088,12093,11965,11985,5874
2015.03.23,00:00,11975,12015,11919,11931,6863
2015.03.24,00:00,11931,11964,11891,11953,6044
2015.03.25,00:00,11954,11966,11907,11944,5372
2015.03.26,00:00,11943,11981,11889,11964,6021
2015.03.27,00:00,11964,12005,11955,11977,5772
2015.03.30,00:00,11982,12051,11977,12036,5140
2015.03.31,00:00,12036,12081,12033,12066,5229
2015.04.01,00:00,12065,12088,12026,12056,5611
2015.04.02,00:00,12055,12074,12022,12034,5165
2015.04.03,00:00,12035,12042,11951,11978,3011
2015.04.06,00:00,11970,12023,11952,12014,3325
2015.04.07,00:00,12014,12053,11978,12047,5187
2015.04.08,00:00,12047,12049,11981,12030,5466
2015.04.09,00:00,12029,12094,12019,12081,5042
2015.04.10,00:00,12082,12131,12068,12105,4878
2015.04.13,00:00,12111,12162,12100,12123,5371
2015.04.14,00:00,12124,12142,12050,12071,5330
2015.04.15,00:00,12071,12115,12028,12038,5666
2015.04.16,00:00,12036,12046,11956,11977,6587
2015.04.17,00:00,11977,11989,11927,11967,5762
2015.04.20,00:00,11955,12020,11953,12008,5169
2015.04.21,00:00,12009,12044,11988,12016,4857
2015.04.22,00:00,12015,12024,11958,11992,5175
2015.04.23,00:00,11993,12022,11952,11960,5367
2015.04.24,00:00,11961,11977,11907,11912,5364
2015.04.27,00:00,11910,11945,11878,11892,4907
2015.04.28,00:00,11891,11907,11814,11816,5094
2015.04.29,00:00,11817,11831,11739,11778,5895
2015.04.30,00:00,11778,11839,11758,11805,6434
2015.05.01,00:00,11804,11886,11799,11868,4969
2015.05.04,00:00,11871,11896,11858,11884,4586
2015.05.05,00:00,11883,11899,11820,11837,5300
2015.05.06,00:00,11836,11848,11757,11782,5643
2015.05.07,00:00,11782,11830,11775,11819,5680
2015.05.08,00:00,11817,11828,11771,11791,6455
2015.05.11,00:00,11789,11828,11781,11794,5188
2015.05.12,00:00,11794,11802,11727,11745,4989
2015.05.13,00:00,11744,11752,11651,11662,5362
2015.05.14,00:00,11663,11680,11634,11656,5496
2015.05.15,00:00,11654,11714,11654,11670,5141
2015.05.18,00:00,11663,11736,11663,11726,4623
2015.05.19,00:00,11725,11820,11719,11810,5029
2015.05.20,00:00,11808,11850,11804,11834,5829
2015.05.21,00:00,11835,11838,11786,11801,5322
2015.05.22,00:00,11802,11882,11774,11869,5003
2015.05.25,00:00,11874,11892,11870,11881,3017
2015.05.26,00:00,11882,11965,11880,11957,5327
2015.05.27,00:00,11958,11997,11929,11963,5367
2015.05.28,00:00,11963,12025,11954,11987,6082
2015.05.29,00:00,11987,12002,11971,11988,5481
2015.06.01,00:00,11987,12043,11983,12030,5145
2015.06.02,00:00,12031,12036,11900,11917,5837
2015.06.03,00:00,11916,11957,11883,11893,5491
2015.06.04,00:00,11893,11931,11862,11919,5731
2015.06.05,00:00,11921,12024,11915,11992,5513
2015.06.08,00:00,11995,12003,11904,11911,5370
2015.06.09,00:00,11910,11946,11896,11909,5802
2015.06.10,00:00,11909,11930,11829,11836,6523
2015.06.11,00:00,11835,11917,11835,11864,5885
2015.06.12,00:00,11863,11915,11843,11861,5607
2015.06.15,00:00,11866,11889,11839,11843,4819
2015.06.16,00:00,11842,11871,11837,11845,4287
2015.06.17,00:00,11844,11883,11787,11799,4979
2015.06.18,00:00,11800,11811,11732,11770,5281
2015.06.19,00:00,11767,11806,11759,11775,4325
2015.06.22,00:00,11774,11813,11755,11806,4313
2015.06.23,00:00,11806,11883,11802,11858,4634
2015.06.24,00:00,11857,11885,11825,11861,4651
2015.06.25,00:00,11861,11867,11836,11843,4189
2015.06.26,00:00,11841,11890,11841,11873,3956
2015.06.29,00:00,11905,11922,11823,11840,6827
2015.06.30,00:00,11839,11866,11818,11851,5315
2015.07.01,00:00,11852,11917,11849,11910,4655
2015.07.02,00:00,11911,11937,11893,11907,4098
2015.07.03,00:00,11907,11942,11896,11934,3642
2015.07.06,00:00,11955,11965,11921,11938,5296
2015.07.07,00:00,11939,12014,11938,11981,5138
2015.07.08,00:00,11981,12002,11958,11966,5516
2015.07.09,00:00,11966,11994,11944,11973,4990
2015.07.10,00:00,11974,11977,11918,11949,5288
2015.07.13,00:00,11963,12005,11938,12001,4963
2015.07.14,00:00,12003,12018,11945,11964,4455
2015.07.15,00:00,11963,12011,11954,11999,4588
2015.07.16,00:00,11998,12032,11995,12014,4206
2015.07.17,00:00,12015,12038,11998,12030,3591
2015.07.20,00:00,12027,12051,12019,12040,3483
2015.07.21,00:00,12041,12056,11990,12005,4011
2015.07.22,00:00,12006,12030,11985,12009,4387
2015.07.23,00:00,12010,12026,11977,12020,4270
2015.07.24,00:00,12020,12063,12017,12038,4131
2015.07.27,00:00,12038,12041,11984,12006,4341
2015.07.28,00:00,12005,12016,11986,11990,4223
2015.07.29,00:00,11989,12029,11978,12020,4378
2015.07.30,00:00,12020,12057,12016,12034,4080
2015.07.31,00:00,12033,12051,11965,12016,4883
2015.08.03,00:00,12009,12047,12009,12033,4161
2015.08.04,00:00,12033,12045,11987,12031,4400
2015.08.05,00:00,12032,12052,12002,12033,4480
2015.08.06,00:00,12033,12065,12020,12044,4113
2015.08.07,00:00,12045,12071,12013,12017,4166
2015.08.10,00:00,12014,12052,11989,11996,3722
2015.08.11,00:00,11996,12042,11986,12028,5210
2015.08.12,00:00,12027,12058,11947,11969,5748
2015.08.13,00:00,11969,12004,11954,11977,4608
2015.08.14,00:00,11978,11987,11954,11973,4158
2015.08.17,00:00,11968,11998,11968,11993,3595
2015.08.18,00:00,11992,12009,11973,11999,3518
2015.08.19,00:00,11998,12006,11960,11967,4336
2015.08.20,00:00,11968,11997,11937,11941,4577
2015.08.21,00:00,11941,11953,11890,11901,5375
2015.08.24,00:00,11906,11923,11789,11831,8414
2015.08.25,00:00,11830,11905,11830,11877,7539
2015.08.26,00:00,11878,11978,11867,11967,7040
2015.08.27,00:00,11968,12013,11956,11996,5780
2015.08.28,00:00,11995,12038,11975,12015,5115
2015.08.31,00:00,12017,12036,11993,12028,4366
2015.09.01,00:00,12027,12036,11982,12012,5749
2015.09.02,00:00,12012,12047,12009,12037,5217
2015.09.03,00:00,12038,12081,12036,12066,4443
2015.09.04,00:00,12065,12095,12033,12086,4860
2015.09.07,00:00,12074,12092,12061,12066,4005
2015.09.08,00:00,12065,12068,12019,12025,4408
2015.09.09,00:00,12026,12059,12019,12038,4463
2015.09.10,00:00,12036,12055,11989,12000,5682
2015.09.11,00:00,12000,12016,11985,11990,4186
2015.09.14,00:00,11989,11990,11969,11975,3850
2015.09.15,00:00,11974,12015,11964,11999,4237
2015.09.16,00:00,11998,12004,11950,11959,3934
2015.09.17,00:00,11958,11974,11893,11913,4745
2015.09.18,00:00,11912,11953,11865,11945,5267
2015.09.21,00:00,11950,12000,11938,11991,4233
2015.09.22,00:00,11990,12041,11980,12032,4065
2015.09.23,00:00,12030,12075,12029,12062,4625
2015.09.24,00:00,12061,12070,12021,12046,4928
2015.09.25,00:00,12045,12104,12045,12065,5093
2015.09.28,00:00,12067,12087,12049,12061,4600
2015.09.29,00:00,12060,12074,12054,12061,4587
2015.09.30,00:00,12060,12082,12051,12072,4412
2015.10.01,00:00,12072,12081,12042,12065,4236
2015.10.02,00:00,12066,12079,12011,12051,4653
2015.10.05,00:00,12049,12066,12022,12060,4080
2015.10.06,00:00,12059,12068,12003,12008,3883
2015.10.07,00:00,12007,12016,11978,11987,4277
2015.10.08,00:00,11986,12002,11946,11960,4280
2015.10.09,00:00,11960,11964,11927,11937,4161
2015.10.12,00:00,11938,11942,11911,11922,3244
2015.10.13,00:00,11922,11964,11917,11959,4058
2015.10.14,00:00,11959,11970,11867,11877,4446
2015.10.15,00:00,11878,11914,11854,11888,4945
2015.10.16,00:00,11888,11932,11887,11924,4067
2015.10.19,00:00,11921,11934,11905,11929,3748
2015.10.20,00:00,11929,11939,11906,11931,3266
2015.10.21,00:00,11931,11951,11926,11949,3340
2015.10.22,00:00,11949,12011,11935,12007,4172
2015.10.23,00:00,12008,12054,11979,12048,4583
2015.10.26,00:00,12047,12052,12009,12020,3770
2015.10.27,00:00,12019,12041,12004,12032,3706
2015.10.28,00:00,12033,12110,12029,12092,4448
2015.10.29,00:00,12092,12106,12078,12085,4311
2015.10.30,00:00,12084,12086,12024,12040,4900
2015.11.02,00:00,12031,12045,12021,12038,3537
2015.11.03,00:00,12038,12068,12013,12041,3769
2015.11.04,00:00,12041,12093,12037,12082,4138
2015.11.05,00:00,12081,12115,12077,12111,4042
2015.11.06,00:00,12111,12219,12104,12207,4069
2015.11.09,00:00,12210,12218,12183,12193,3680
2015.11.10,00:00,12192,12219,12188,12201,3792
2015.11.11,00:00,12201,12204,12168,12171,3692
2015.11.12,00:00,12170,12175,12133,12135,4632
2015.11.13,00:00,12135,12166,12128,12145,4013
2015.11.16,00:00,12146,12185,12145,12179,3679
2015.11.17,00:00,12179,12201,12167,12186,3740
2015.11.18,00:00,12186,12205,12169,12182,3654
2015.11.19,00:00,12181,12185,12108,12128,4272
2015.11.20,00:00,12128,12153,12124,12150,3900
2015.11.23,00:00,12151,12188,12151,12174,3792
2015.11.24,00:00,12172,12178,12154,12159,3735
2015.11.25,00:00,12158,12185,12139,12159,4151
2015.11.26,00:00,12158,12180,12156,12170,2946
2015.11.27,00:00,12169,12198,12165,12195,3200
2015.11.30,00:00,12196,12210,12186,12193,3413
2015.12.01,00:00,12192,12196,12146,12149,3887
2015.12.02,00:00,12149,12212,12147,12182,3949
2015.12.03,00:00,12181,12201,12060,12074,5228
2015.12.04,00:00,12073,12123,12064,12098,5036
2015.12.07,00:00,12100,12140,12097,12135,3853
2015.12.08,00:00,12135,12157,12131,12139,4027
2015.12.09,00:00,12139,12141,12057,12063,4488
2015.12.10,00:00,12062,12077,12040,12071,4440
2015.12.11,00:00,12071,12096,12055,12063,4282
2015.12.14,00:00,12064,12086,12046,12067,4658
2015.12.15,00:00,12065,12126,12040,12115,4652
2015.12.16,00:00,12114,12147,12069,12123,5135
2015.12.17,00:00,12123,12206,12118,12185,4911
2015.12.18,00:00,12185,12202,12141,12151,5185
2015.12.21,00:00,12149,12160,12131,12137,3896
2015.12.22,00:00,12137,12141,12112,12126,3538
2015.12.23,00:00,12125,12141,12119,12126,3041
2015.12.24,00:00,12125,12129,12087,12091,2653
2015.12.28,00:00,12090,12103,12084,12103,2816
2015.12.29,00:00,12102,12122,12088,12111,2711
2015.12.30,00:00,12111,12121,12103,12112,3192
2015.12.31,00:00,12111,12143,12099,12133,2600
2016.01.04,00:00,12130,12180,12110,12155,4947
2016.01.05,00:00,12155,12200,12148,12179,3949
2016.01.06,00:00,12178,12214,12170,12194,4960
2016.01.07,00:00,12193,12205,12167,12171,5279
2016.01.08,00:00,12171,12222,12168,12197,5270
2016.01.11,00:00,12189,12205,12180,12201,4626
2016.01.12,00:00,12201,12245,12197,12218,4223
2016.01.13,00:00,12218,12234,12216,12228,4306
2016.01.14,00:00,12227,12244,12216,12228,4824
2016.01.15,00:00,12227,12261,12222,12256,4977
2016.01.18,00:00,12253,12271,12248,12268,3681
2016.01.19,00:00,12267,12281,12252,12274,4339
2016.01.20,00:00,12273,12278,12253,12262,5020
2016.01.21,00:00,12261,12299,12234,12249,5330
2016.01.22,00:00,12249,12273,12238,12271,4262
2016.01.25,00:00,12268,12277,12254,12268,3877
2016.01.26,00:00,12268,12280,12236,12238,4115
2016.01.27,00:00,12237,12253,12217,12250,4570
2016.01.28,00:00,12250,12252,12197,12209,4350
2016.01.29,00:00,12208,12306,12203,12280,5486
2016.02.01,00:00,12281,12294,12228,12230,4384
2016.02.02,00:00,12230,12254,12224,12232,4298
2016.02.03,00:00,12233,12240,12076,12106,5624
2016.02.04,00:00,12105,12121,12040,12064,5927
2016.02.05,00:00,12063,12135,12046,12120,5435
2016.02.08,00:00,12123,12156,12094,12106,5334
2016.02.09,00:00,12105,12121,12052,12073,6439
2016.02.10,00:00,12073,12091,12022,12031,6339
2016.02.11,00:00,12032,12052,12001,12015,7097
2016.02.12,00:00,12016,12056,12005,12041,6182
2016.02.15,00:00,12040,12089,12034,12080,4285
2016.02.16,00:00,12079,12112,12048,12102,5039
2016.02.17,00:00,12101,12121,12081,12089,5226
2016.02.18,00:00,12089,12108,12078,12079,4938
2016.02.19,00:00,12079,12118,12057,12058,5083
2016.02.22,00:00,12078,12131,12074,12101,4695
2016.02.23,00:00,12101,12120,12082,12117,5051
2016.02.24,00:00,12117,12159,12113,12136,5394
2016.02.25,00:00,12136,12153,12120,12133,5132
2016.02.26,00:00,12132,12212,12113,12206,4959
2016.02.29,00:00,12211,12214,12176,12186,4936
2016.03.01,00:00,12186,12211,12168,12193,5093
2016.03.02,00:00,12193,12198,12131,12136,4925
2016.03.03,00:00,12135,12148,12079,12092,4704
2016.03.04,00:00,12092,12112,12044,12056,5177
2016.03.07,00:00,12069,12090,12030,12036,4322
2016.03.08,00:00,12035,12049,12025,12039,4653
2016.03.09,00:00,12038,12057,12016,12040,4603
2016.03.10,00:00,12040,12111,11988,12001,5952
2016.03.11,00:00,12000,12021,11952,11973,5369
2016.03.14,00:00,11982,12019,11964,12007,4434
2016.03.15,00:00,12007,12041,12007,12034,4666
2016.03.16,00:00,12034,12077,11954,11961,5197
2016.03.17,00:00,11962,11978,11859,11866,6337
2016.03.18,00:00,11866,11898,11846,11887,5202
2016.03.21,00:00,11897,11928,11889,11926,4283
2016.03.22,00:00,11926,11962,11911,11952,5118
2016.03.23,00:00,11952,12013,11942,11995,4573
2016.03.24,00:00,11995,12030,11990,12000,4337
2016.03.25,00:00,11999,12019,11998,12010,2726
2016.03.28,00:00,12012,12029,11972,11985,2976
2016.03.29,00:00,11984,12009,11906,11914,5061
2016.03.30,00:00,11913,11919,11867,11891,5300
2016.03.31,00:00,11892,11913,11861,11892,5085
2016.04.01,00:00,11891,11940,11870,11890,5442
2016.04.04,00:00,11890,11917,11879,11897,4642
2016.04.05,00:00,11896,11942,11887,11913,5277
2016.04.06,00:00,11913,11953,11875,11895,5033
2016.04.07,00:00,11894,11913,11857,11905,5931
2016.04.08,00:00,11905,11918,11870,11877,4982
2016.04.11,00:00,11873,11886,11824,11842,4859
2016.04.12,00:00,11842,11867,11809,11830,5122
2016.04.13,00:00,11831,11892,11829,11884,5307
2016.04.14,00:00,11885,11918,11863,11883,5107
2016.04.15,00:00,11884,11899,11841,11853,4591
2016.04.18,00:00,11857,11873,11829,11832,5033
2016.04.19,00:00,11831,11837,11787,11796,4726
2016.04.20,00:00,11795,11836,11787,11833,4695
2016.04.21,00:00,11834,11848,11784,11844,5176
2016.04.22,00:00,11844,11897,11827,11885,5285
2016.04.25,00:00,11883,11884,11846,11857,4742
2016.04.26,00:00,11856,11860,11803,11829,4776
2016.04.27,00:00,11827,11907,11819,11871,5196
2016.04.28,00:00,11870,11886,11782,11789,6223
2016.04.29,00:00,11788,11793,11741,11742,5413
2016.05.02,00:00,11747,11755,11706,11706,4606
2016.05.03,00:00,11707,11785,11672,11783,5643
2016.05.04,00:00,11783,11816,11769,11804,5913
2016.05.05,00:00,11804,11834,11787,11824,4608
2016.05.06,00:00,11825,11865,11807,11855,5057
2016.05.09,00:00,11859,11905,11854,11897,4148
2016.05.10,00:00,11897,11910,11881,11897,3588
2016.05.11,00:00,11897,11899,11856,11869,3351
2016.05.12,00:00,11870,11910,11867,11900,3404
2016.05.13,00:00,11900,11959,11900,11935,3359
2016.05.16,00:00,11939,11942,11917,11928,4084
2016.05.17,00:00,11927,11930,11893,11913,4581
2016.05.18,00:00,11912,11954,11905,11950,4982
2016.05.19,00:00,11950,11972,11941,11947,4910
2016.05.20,00:00,11947,11977,11944,11967,3890
2016.05.23,00:00,11965,11975,11943,11953,4292
2016.05.24,00:00,11953,11977,11953,11966,4429
2016.05.25,00:00,11967,11977,11946,11954,4344
2016.05.26,00:00,11953,11959,11921,11937,4425
2016.05.27,00:00,11936,11987,11931,11978,4215
2016.05.30,00:00,11983,12006,11982,11985,3130
2016.05.31,00:00,11985,11999,11956,11992,4661
2016.06.01,00:00,11991,11998,11953,11967,5235
2016.06.02,00:00,11966,11972,11950,11968,4856
2016.06.03,00:00,11967,11977,11837,11837,5021
2016.06.06,00:00,11847,11887,11842,11870,5667
2016.06.07,00:00,11869,11875,11820,11826,4650
2016.06.08,00:00,11827,11833,11798,11817,4545
2016.06.09,00:00,11817,11854,11802,11850,5170
2016.06.10,00:00,11850,11920,11846,11903,5006
2016.06.13,00:00,11909,11919,11871,11880,5623
2016.06.14,00:00,11879,11934,11879,11926,5463
2016.06.15,00:00,11926,11938,11867,11889,5361
2016.06.16,00:00,11889,11933,11858,11874,6451
2016.06.17,00:00,11875,11876,11824,11831,5606
2016.06.20,00:00,11797,11817,11745,11746,5696
2016.06.21,00:00,11747,11793,11728,11786,5393
2016.06.22,00:00,11785,11787,11729,11749,5134
2016.06.23,00:00,11749,11749,11689,11707,6473
2016.06.24,00:00,11704,12017,11681,11910,11265
2016.06.27,00:00,11970,12050,11960,12031,7792
2016.06.28,00:00,12032,12035,11982,12007,6174
2016.06.29,00:00,12007,12012,11950,11968,6088
2016.06.30,00:00,11967,12034,11952,11997,6655
2016.07.01,00:00,11998,12011,11959,11973,5509
2016.07.04,00:00,11990,11990,11953,11958,3909
2016.07.05,00:00,11957,12022,11957,12019,5123
2016.07.06,00:00,12018,12053,11995,12006,6241
2016.07.07,00:00,12006,12022,11984,12015,5539
2016.07.08,00:00,12016,12038,11957,11983,5190
2016.07.11,00:00,11987,12046,11985,12029,5483
2016.07.12,00:00,12030,12032,11976,12003,5666
2016.07.13,00:00,12003,12015,11983,12013,5635
2016.07.14,00:00,12014,12019,11964,11986,5886
2016.07.15,00:00,11987,12043,11972,12029,5989
2016.07.18,00:00,12031,12037,12019,12033,4988
2016.07.19,00:00,12033,12101,12033,12087,5021
2016.07.20,00:00,12087,12113,12085,12091,4834
2016.07.21,00:00,12092,12105,12059,12063,6015
2016.07.22,00:00,12064,12121,12057,12107,4802
2016.07.25,00:00,12100,12119,12089,12090,3945
2016.07.26,00:00,12090,12096,12041,12064,4628
2016.07.27,00:00,12063,12116,12048,12052,5765
2016.07.28,00:00,12051,12062,12015,12051,4767
2016.07.29,00:00,12051,12054,11929,11940,6033
2016.08.01,00:00,11945,11975,11937,11971,4323
2016.08.02,00:00,11970,11982,11881,11884,4839
2016.08.03,00:00,11884,11931,11883,11916,4248
2016.08.04,00:00,11916,11952,11898,11944,4533
2016.08.05,00:00,11944,11993,11918,11974,3802
2016.08.08,00:00,11973,11991,11971,11982,3348
2016.08.09,00:00,11982,12001,11962,11966,3426
2016.08.10,00:00,11965,11970,11902,11930,4374
2016.08.11,00:00,11932,11966,11915,11964,3974
2016.08.12,00:00,11964,11977,11915,11964,3950
2016.08.15,00:00,11954,11973,11948,11960,3572
2016.08.16,00:00,11960,11961,11862,11892,4993
2016.08.17,00:00,11891,11935,11879,11898,5028
2016.08.18,00:00,11898,11900,11849,11851,5677
2016.08.19,00:00,11851,11908,11848,11892,4525
2016.08.22,00:00,11914,11934,11879,11886,4516
2016.08.23,00:00,11886,11889,11856,11880,4376
2016.08.24,00:00,11880,11898,11871,11887,4087
2016.08.25,00:00,11887,11901,11877,11890,3591
2016.08.26,00:00,11890,11965,11841,11955,4821
2016.08.29,00:00,11965,11988,11956,11961,4299
2016.08.30,00:00,11961,12018,11957,12008,4241
2016.08.31,00:00,12008,12027,11996,12004,4500
2016.09.01,00:00,12003,12013,11955,11964,4420
2016.09.02,00:00,11964,11991,11920,11978,4520
2016.09.05,00:00,11977,11982,11942,11963,3636
2016.09.06,00:00,11963,11966,11868,11869,4299
2016.09.07,00:00,11869,11895,11857,11886,4562
2016.09.08,00:00,11886,11917,11851,11910,4522
2016.09.09,00:00,11910,11965,11890,11950,4685
2016.09.12,00:00,11946,11957,11905,11915,5067
2016.09.13,00:00,11916,11993,11912,11978,5037
2016.09.14,00:00,11979,11996,11959,11963,4715
2016.09.15,00:00,11962,11983,11942,11947,4945
2016.09.16,00:00,11947,12019,11938,12011,4479
2016.09.19,00:00,12010,12014,11959,11985,3578
2016.09.20,00:00,11985,11996,11961,11987,3804
2016.09.21,00:00,11987,12022,11927,11927,5503
2016.09.22,00:00,11927,11932,11899,11921,4126
2016.09.23,00:00,11921,11962,11918,11945,3859
2016.09.26,00:00,11945,11953,11914,11923,4110
2016.09.27,00:00,11922,11938,11911,11917,4460
2016.09.28,00:00,11916,11940,11914,11916,4323
2016.09.29,00:00,11916,11953,11913,11944,4564
2016.09.30,00:00,11944,11972,11928,11941,4761
2016.10.03,00:00,11945,11977,11943,11966,3706
2016.10.04,00:00,11967,12033,11964,12026,4559
2016.10.05,00:00,12024,12048,12013,12033,4150
2016.10.06,00:00,12033,12092,12031,12082,4091
2016.10.07,00:00,12082,12175,12073,12082,6956
2016.10.10,00:00,12091,12120,12078,12113,4014
2016.10.11,00:00,12113,12185,12112,12182,4737
2016.10.12,00:00,12183,12196,12140,12185,5415
2016.10.13,00:00,12184,12210,12152,12158,5440
2016.10.14,00:00,12158,12188,12151,12181,5095
2016.10.17,00:00,12188,12196,12164,12168,4173
2016.10.18,00:00,12168,12169,12132,12144,4101
2016.10.19,00:00,12144,12150,12122,12125,4130
2016.10.20,00:00,12124,12182,12123,12171,4122
2016.10.21,00:00,12172,12202,12169,12188,3768
2016.10.24,00:00,12186,12205,12175,12191,3465
2016.10.25,00:00,12190,12231,12185,12190,4408
2016.10.26,00:00,12190,12195,12162,12181,4164
2016.10.27,00:00,12181,12232,12180,12226,4299
2016.10.28,00:00,12226,12240,12189,12196,4937
2016.10.31,00:00,12190,12218,12184,12185,3950
2016.11.01,00:00,12183,12194,12137,12148,4303
2016.11.02,00:00,12148,12153,12098,12112,4798
2016.11.03,00:00,12113,12119,12070,12074,4880
2016.11.04,00:00,12073,12090,12060,12062,4465
2016.11.07,00:00,12101,12129,12087,12113,4304
2016.11.08,00:00,12113,12133,12105,12122,4051
2016.11.09,00:00,12121,12187,12011,12180,9251
2016.11.10,00:00,12180,12215,12148,12186,6771
2016.11.11,00:00,12185,12213,12160,12198,6480
2016.11.14,00:00,12209,12285,12203,12267,6716
2016.11.15,00:00,12266,12304,12241,12288,6183
2016.11.16,00:00,12289,12333,12273,12313,6119
2016.11.17,00:00,12314,12367,12296,12364,6215
2016.11.18,00:00,12364,12423,12363,12413,6431
2016.11.21,00:00,12416,12428,12364,12372,6287
2016.11.22,00:00,12373,12403,12355,12382,5776
2016.11.23,00:00,12383,12440,12368,12418,5419
2016.11.24,00:00,12418,12452,12408,12423,5278
2016.11.25,00:00,12424,12441,12391,12400,6000
2016.11.28,00:00,12392,12412,12343,12379,5941
2016.11.29,00:00,12378,12416,12363,12368,5588
2016.11.30,00:00,12367,12447,12358,12433,6128
2016.12.01,00:00,12432,12439,12389,12393,6159
2016.12.02,00:00,12393,12398,12349,12349,5380
2016.12.05,00:00,12358,12399,12312,12334,6826
2016.12.06,00:00,12333,12365,12330,12357,4970
2016.12.07,00:00,12355,12382,12346,12349,4483
2016.12.08,00:00,12348,12409,12312,12390,5735
2016.12.09,00:00,12389,12435,12384,12425,4865
2016.12.12,00:00,12432,12438,12370,12378,5170
2016.12.13,00:00,12376,12392,12367,12385,4856
2016.12.14,00:00,12386,12488,12361,12468,5432
2016.12.15,00:00,12467,12566,12467,12542,6824
2016.12.16,00:00,12542,12568,12524,12536,5417
2016.12.19,00:00,12540,12565,12518,12560,5340
2016.12.20,00:00,12559,12603,12554,12575,4826
2016.12.21,00:00,12575,12582,12546,12571,4599
2016.12.22,00:00,12572,12592,12559,12585,4308
2016.12.23,00:00,12586,12606,12578,12588,3401
2016.12.27,00:00,12587,12598,12584,12589,2638
2016.12.28,00:00,12588,12624,12576,12603,3623
2016.12.29,00:00,12602,12604,12562,12562,4514
2016.12.30,00:00,12562,12568,12517,12557,5685
2017.01.03,00:00,12587,12635,12564,12600,4661
2017.01.04,00:00,12600,12611,12540,12548,5619
2017.01.05,00:00,12548,12557,12461,12467,6822
2017.01.06,00:00,12467,12549,12460,12539,6088
2017.01.09,00:00,12546,12567,12517,12522,5566
2017.01.10,00:00,12521,12538,12493,12517,6265
2017.01.11,00:00,12516,12577,12444,12483,6843
2017.01.12,00:00,12482,12490,12409,12464,7400
2017.01.13,00:00,12464,12492,12438,12446,6077
2017.01.16,00:00,12485,12490,12464,12477,5501
2017.01.17,00:00,12476,12485,12351,12352,6935
2017.01.18,00:00,12352,12441,12351,12438,6020
2017.01.19,00:00,12437,12450,12401,12409,6366
2017.01.20,00:00,12408,12446,12385,12392,6452
2017.01.23,00:00,12388,12393,12319,12320,6123
2017.01.24,00:00,12320,12362,12312,12345,5872
2017.01.25,00:00,12346,12367,12316,12320,5755
2017.01.26,00:00,12318,12382,12309,12366,5844
2017.01.27,00:00,12364,12396,12359,12377,5493
2017.01.30,00:00,12356,12397,12347,12364,5092
2017.01.31,00:00,12364,12377,12295,12307,6297
2017.02.01,00:00,12307,12336,12292,12306,5615
2017.02.02,00:00,12305,12313,12256,12304,5565
2017.02.03,00:00,12305,12342,12285,12300,5540
2017.02.06,00:00,12294,12332,12293,12298,4962
2017.02.07,00:00,12298,12359,12298,12322,5000
2017.02.08,00:00,12322,12336,12294,12304,5026
2017.02.09,00:00,12304,12348,12298,12343,4734
2017.02.10,00:00,12344,12366,12325,12335,4839
2017.02.13,00:00,12341,12369,12329,12354,4347
2017.02.14,00:00,12355,12389,12330,12368,4715
2017.02.15,00:00,12368,12412,12349,12353,4703
2017.02.16,00:00,12352,12358,12320,12324,4822
2017.02.17,00:00,12325,12355,12321,12350,4321
2017.02.20,00:00,12348,12356,12337,12340,3479
2017.02.21,00:00,12340,12385,12339,12364,3966
2017.02.22,00:00,12365,12373,12341,12352,4725
2017.02.23,00:00,12353,12365,12312,12317,4411
2017.02.24,00:00,12318,12341,12309,12341,4339
2017.02.27,00:00,12333,12355,12316,12345,4315
2017.02.28,00:00,12346,12369,12316,12362,4537
2017.03.01,00:00,12363,12412,12347,12393,5224
2017.03.02,00:00,12391,12452,12390,12441,4204
2017.03.03,00:00,12440,12450,12401,12405,4617
2017.03.06,00:00,12406,12429,12395,12421,3912
2017.03.07,00:00,12422,12438,12405,12430,3549
2017.03.08,00:00,12430,12467,12419,12460,3954
2017.03.09,00:00,12460,12477,12450,12469,4387
2017.03.10,00:00,12469,12476,12427,12439,4440
2017.03.13,00:00,12433,12442,12407,12428,3770
2017.03.14,00:00,12429,12461,12427,12449,3769
2017.03.15,00:00,12450,12450,12339,12344,4230
2017.03.16,00:00,12345,12364,12333,12335,4766
2017.03.17,00:00,12335,12346,12310,12319,3548
2017.03.20,00:00,12320,12321,12292,12315,3594
2017.03.21,00:00,12315,12324,12270,12278,4251
2017.03.22,00:00,12279,12292,12264,12274,4472
2017.03.23,00:00,12274,12292,12272,12279,4387
2017.03.24,00:00,12279,12303,12271,12287,4080
2017.03.27,00:00,12268,12275,12229,12257,3811
2017.03.28,00:00,12257,12292,12245,12286,3786
2017.03.29,00:00,12287,12303,12279,12288,4178
2017.03.30,00:00,12288,12322,12275,12320,3848
2017.03.31,00:00,12321,12330,12292,12304,4112
2017.04.03,00:00,12302,12324,12298,12311,3485
2017.04.04,00:00,12311,12332,12303,12325,3431
2017.04.05,00:00,12325,12342,12310,12318,3442
2017.04.06,00:00,12318,12338,12307,12331,3691
2017.04.07,00:00,12332,12380,12319,12371,4179
2017.04.10,00:00,12372,12388,12358,12361,3129
2017.04.11,00:00,12362,12363,12326,12327,3296
2017.04.12,00:00,12326,12341,12288,12290,3696
2017.04.13,00:00,12291,12300,12268,12297,3772
2017.04.14,00:00,12294,12301,12278,12282,2777
2017.04.17,00:00,12280,12288,12249,12273,2734
2017.04.18,00:00,12272,12292,12204,12212,4095
2017.04.19,00:00,12212,12254,12209,12248,3751
2017.04.20,00:00,12249,12252,12221,12242,3646
2017.04.21,00:00,12242,12255,12233,12235,3555
2017.04.24,00:00,12205,12235,12205,12214,4340
2017.04.25,00:00,12214,12236,12214,12227,3624
2017.04.26,00:00,12226,12271,12224,12244,4314
2017.04.27,00:00,12243,12265,12231,12246,3988
2017.04.28,00:00,12245,12252,12223,12232,3639
2017.05.01,00:00,12231,12249,12218,12238,2743
2017.05.02,00:00,12238,12246,12224,12224,3229
2017.05.03,00:00,12224,12286,12221,12283,3402
2017.05.04,00:00,12284,12297,12252,12256,3699
2017.05.05,00:00,12256,12270,12241,12245,3574
2017.05.08,00:00,12245,12284,12244,12282,3729
2017.05.09,00:00,12281,12325,12277,12314,3609
2017.05.10,00:00,12315,12320,12292,12314,3681
2017.05.11,00:00,12315,12334,12306,12313,3704
2017.05.12,00:00,12314,12319,12284,12292,3538
2017.05.15,00:00,12286,12293,12262,12282,3076
2017.05.16,00:00,12280,12281,12236,12243,3397
2017.05.17,00:00,12244,12245,12182,12182,4324
2017.05.18,00:00,12183,12226,12169,12212,5384
2017.05.19,00:00,12212,12216,12162,12165,3711
2017.05.22,00:00,12168,12189,12145,12160,3651
2017.05.23,00:00,12160,12188,12148,12185,4173
2017.05.24,00:00,12182,12200,12164,12164,4038
2017.05.25,00:00,12163,12194,12158,12189,3583
2017.05.26,00:00,12188,12220,12184,12210,3667
2017.05.29,00:00,12207,12216,12202,12207,2384
2017.05.30,00:00,12208,12223,12184,12188,3577
2017.05.31,00:00,12188,12210,12167,12179,3934
2017.06.01,00:00,12178,12218,12176,12210,3597
2017.06.02,00:00,12209,12218,12161,12165,3312
2017.06.05,00:00,12172,12176,12148,12157,3241
2017.06.06,00:00,12156,12159,12126,12128,3538
2017.06.07,00:00,12127,12136,12104,12121,3619
2017.06.08,00:00,12120,12152,12111,12133,3969
2017.06.09,00:00,12131,12200,12128,12180,5059
2017.06.12,00:00,12180,12189,12169,12183,2974
2017.06.13,00:00,12183,12188,12167,12170,3012
2017.06.14,00:00,12170,12174,12101,12147,4121
2017.06.15,00:00,12147,12189,12135,12185,3965
2017.06.16,00:00,12185,12190,12153,12163,3081
2017.06.19,00:00,12160,12197,12156,12193,3094
2017.06.20,00:00,12192,12226,12185,12217,3097
2017.06.21,00:00,12216,12226,12201,12208,3220
2017.06.22,00:00,12207,12220,12199,12211,2944
2017.06.23,00:00,12211,12215,12183,12191,2610
2017.06.26,00:00,12185,12203,12178,12198,2848
2017.06.27,00:00,12197,12203,12147,12162,3350
2017.06.28,00:00,12163,12163,12116,12123,3805
2017.06.29,00:00,12122,12124,12082,12085,3745
2017.06.30,00:00,12085,12105,12070,12089,3524
2017.07.03,00:00,12087,12141,12085,12134,2989
2017.07.04,00:00,12134,12158,12124,12152,3070
2017.07.05,00:00,12153,12172,12135,12151,3427
2017.07.06,00:00,12150,12159,12133,12135,3380
2017.07.07,00:00,12134,12169,12133,12160,3196
2017.07.10,00:00,12160,12175,12157,12161,2455
2017.07.11,00:00,12162,12172,12139,12145,2719
2017.07.12,00:00,12145,12147,12109,12126,3707
2017.07.13,00:00,12126,12130,12097,12111,3353
2017.07.14,00:00,12109,12113,12031,12035,3116
2017.07.17,00:00,12032,12053,12032,12049,3008
2017.07.18,00:00,12048,12054,11988,11999,3916
2017.07.19,00:00,12000,12013,11989,11998,3169
2017.07.20,00:00,11997,12035,11972,11983,4294
2017.07.21,00:00,11983,12008,11964,11973,3658
2017.07.24,00:00,11972,11978,11945,11968,3431
2017.07.25,00:00,11967,11979,11943,11976,3649
2017.07.26,00:00,11977,12001,11913,11917,4174
2017.07.27,00:00,11918,11963,11883,11947,4411
2017.07.28,00:00,11946,11949,11900,11908,4300
2017.07.31,00:00,11908,11922,11865,11868,3516
2017.08.01,00:00,11867,11890,11855,11887,4084
2017.08.02,00:00,11887,11900,11853,11880,3830
2017.08.03,00:00,11879,11904,11875,11885,3955
2017.08.04,00:00,11884,11956,11870,11933,3662
2017.08.07,00:00,11934,11945,11921,11935,2989
2017.08.08,00:00,11935,11966,11918,11943,3399
2017.08.09,00:00,11941,11960,11935,11941,3968
2017.08.10,00:00,11943,11960,11924,11932,3869
2017.08.11,00:00,11932,11945,11899,11911,3930
2017.08.14,00:00,11911,11952,11907,11946,3496
2017.08.15,00:00,11946,12012,11945,11994,3594
2017.08.16,00:00,11993,12004,11948,11950,3596
2017.08.17,00:00,11951,11979,11931,11961,4328
2017.08.18,00:00,11961,11965,11924,11937,4023
2017.08.21,00:00,11938,11946,11906,11916,3285
2017.08.22,00:00,11916,11961,11914,11956,3255
2017.08.23,00:00,11956,11969,11938,11944,3291
2017.08.24,00:00,11943,11962,11937,11953,3019
2017.08.25,00:00,11952,11962,11899,11908,3422
2017.08.28,00:00,11893,11906,11873,11880,2878
2017.08.29,00:00,11879,11902,11840,11893,4537
2017.08.30,00:00,11893,11936,11878,11928,3899
2017.08.31,00:00,11929,11966,11908,11909,3816
2017.09.01,00:00,11909,11927,11868,11913,3631
2017.09.04,00:00,11899,11910,11893,11905,3229
2017.09.05,00:00,11906,11912,11850,11860,4134
2017.09.06,00:00,11858,11872,11841,11863,4061
2017.09.07,00:00,11862,11870,11802,11809,4146
2017.09.08,00:00,11809,11812,11750,11781,4365
2017.09.11,00:00,11789,11838,11787,11834,3576
2017.09.12,00:00,11834,11843,11817,11827,3714
2017.09.13,00:00,11826,11879,11808,11868,3443
2017.09.14,00:00,11868,11877,11822,11822,3880
2017.09.15,00:00,11823,11834,11781,11797,4128
2017.09.18,00:00,11811,11848,11792,11833,3527
2017.09.19,00:00,11833,11834,11804,11811,4107
2017.09.20,00:00,11811,11864,11751,11838,4219
2017.09.21,00:00,11838,11873,11837,11841,4205
2017.09.22,00:00,11842,11850,11815,11842,3717
2017.09.25,00:00,11854,11874,11835,11865,3779
2017.09.26,00:00,11865,11923,11856,11897,3899
2017.09.27,00:00,11897,11953,11897,11937,4119
2017.09.28,00:00,11937,11964,11909,11910,3921
2017.09.29,00:00,11910,11939,11909,11919,3685
2017.10.02,00:00,11928,11970,11920,11960,3638
2017.10.03,00:00,11961,11991,11957,11965,3419
2017.10.04,00:00,11965,11968,11934,11951,3594
2017.10.05,00:00,11950,12005,11950,11999,3156
2017.10.06,00:00,12000,12043,11999,12006,3664
2017.10.09,00:00,12002,12008,11990,11998,2347
2017.10.10,00:00,11998,12001,11951,11966,2995
2017.10.11,00:00,11967,11973,11944,11951,3183
2017.10.12,00:00,11951,11964,11928,11939,3443
2017.10.13,00:00,11940,11942,11894,11914,3462
2017.10.16,00:00,11911,11946,11911,11939,3159
2017.10.17,00:00,11938,11975,11935,11955,3160
2017.10.18,00:00,11956,11985,11950,11961,3139
2017.10.19,00:00,11960,11966,11932,11941,3672
2017.10.20,00:00,11941,11989,11941,11982,3723
2017.10.23,00:00,11988,12003,11974,11987,3144
2017.10.24,00:00,11986,12016,11972,12009,3171
2017.10.25,00:00,12009,12030,11992,11994,3686
2017.10.26,00:00,11994,12060,11979,12055,3864
2017.10.27,00:00,12055,12096,12054,12060,3768
2017.10.30,00:00,12061,12068,12025,12029,3094
2017.10.31,00:00,12029,12048,12022,12032,3218
2017.11.01,00:00,12033,12051,12024,12047,3681
2017.11.02,00:00,12047,12063,12012,12059,3736
2017.11.03,00:00,12059,12091,12039,12081,3194
2017.11.06,00:00,12078,12099,12048,12048,3133
2017.11.07,00:00,12049,12092,12048,12070,3147
2017.11.08,00:00,12070,12073,12059,12066,3208
2017.11.09,00:00,12067,12077,12037,12046,3645
2017.11.10,00:00,12047,12056,12025,12041,3145
2017.11.13,00:00,12046,12071,12044,12063,2803
2017.11.14,00:00,12064,12068,12020,12026,3003
2017.11.15,00:00,12026,12042,11999,12028,3782
2017.11.16,00:00,12027,12043,12019,12031,3546
2017.11.17,00:00,12031,12041,11999,12016,3549
2017.11.20,00:00,12013,12037,12002,12034,3596
2017.11.21,00:00,12034,12039,12012,12023,3402
2017.11.22,00:00,12022,12025,11961,11963,3293
2017.11.23,00:00,11963,11970,11954,11957,2848
2017.11.24,00:00,11958,11972,11939,11945,2885
2017.11.27,00:00,11947,11959,11920,11952,3136
2017.11.28,00:00,11952,11978,11943,11966,3934
2017.11.29,00:00,11966,11983,11946,11968,3793
2017.11.30,00:00,11967,11979,11924,11949,3904
2017.12.01,00:00,11950,11969,11911,11943,4583
2017.12.04,00:00,11968,11983,11950,11954,3737
2017.12.05,00:00,11954,11982,11943,11969,3642
2017.12.06,00:00,11968,11995,11964,11988,3723
2017.12.07,00:00,11987,12020,11985,12005,3444
2017.12.08,00:00,12005,12035,12003,12023,3362
2017.12.11,00:00,12027,12032,12010,12030,2924
2017.12.12,00:00,12031,12042,12010,12032,2952
2017.12.13,00:00,12031,12034,11964,11965,3365
2017.12.14,00:00,11964,11977,11948,11961,3701
2017.12.15,00:00,11961,12000,11947,11993,3398
2017.12.18,00:00,11996,11999,11951,11971,3117
2017.12.19,00:00,11971,11985,11960,11966,3160
2017.12.20,00:00,11966,11973,11955,11969,2819
2017.12.21,00:00,11969,11980,11955,11956,3003
2017.12.22,00:00,11956,11970,11956,11960,2784
2017.12.26,00:00,11955,11965,11948,11954,1190
2017.12.27,00:00,11955,11956,11928,11936,2228
2017.12.28,00:00,11932,11934,11898,11905,2289
2017.12.29,00:00,11905,11908,11866,11880,2670
2018.01.02,00:00,11865,11866,11839,11842,2033
2018.01.03,00:00,11841,11873,11837,11864,2932
2018.01.04,00:00,11864,11877,11842,11845,2933
2018.01.05,00:00,11845,11867,11842,11856,2921
2018.01.08,00:00,11856,11881,11847,11872,2784
2018.01.09,00:00,11872,11895,11856,11880,3101
2018.01.10,00:00,11881,11889,11831,11859,3827
2018.01.11,00:00,11859,11870,11818,11823,3763
2018.01.12,00:00,11823,11829,11743,11753,4108
2018.01.15,00:00,11755,11758,11696,11709,4080
2018.01.16,00:00,11708,11741,11703,11709,3989
2018.01.17,00:00,11709,11735,11669,11729,4826
2018.01.18,00:00,11729,11744,11687,11698,4474
2018.01.19,00:00,11699,11705,11663,11705,4341
2018.01.22,00:00,11683,11709,11672,11672,3954
2018.01.23,00:00,11672,11702,11652,11657,4243
2018.01.24,00:00,11657,11661,11559,11565,4915
2018.01.25,00:00,11564,11619,11506,11593,6464
2018.01.26,00:00,11594,11613,11530,11555,6008
2018.01.29,00:00,11558,11608,11550,11583,4936
2018.01.30,00:00,11583,11615,11546,11568,5037
2018.01.31,00:00,11567,11593,11540,11572,5654
2018.02.01,00:00,11573,11601,11543,11550,4890
2018.02.02,00:00,11549,11639,11548,11627,5201
2018.02.05,00:00,11630,11663,11605,11659,5115
2018.02.06,00:00,11659,11703,11645,11660,6158
2018.02.07,00:00,11661,11721,11648,11709,4763
2018.02.08,00:00,11708,11734,11677,11708,5734
2018.02.09,00:00,11708,11731,11693,11714,5696
2018.02.12,00:00,11717,11718,11689,11689,4053
2018.02.13,00:00,11690,11696,11644,11656,4139
2018.02.14,00:00,11657,11698,11583,11591,4986
2018.02.15,00:00,11590,11591,11542,11543,5287
2018.02.16,00:00,11544,11598,11513,11584,4949
2018.02.19,00:00,11588,11613,11568,11593,3436
2018.02.20,00:00,11594,11638,11591,11628,4347
2018.02.21,00:00,11629,11681,11623,11678,4548
2018.02.22,00:00,11678,11689,11627,11635,4309
2018.02.23,00:00,11634,11664,11632,11642,3946
2018.02.26,00:00,11643,11657,11602,11636,4011
2018.02.27,00:00,11635,11699,11627,11684,4438
2018.02.28,00:00,11685,11713,11674,11711,4201
2018.03.01,00:00,11710,11742,11682,11688,4603
2018.03.02,00:00,11689,11692,11654,11663,4348
2018.03.05,00:00,11659,11680,11649,11661,4364
2018.03.06,00:00,11662,11668,11616,11625,4084
2018.03.07,00:00,11625,11640,11611,11621,4505
2018.03.08,00:00,11622,11674,11617,11666,4343
2018.03.09,00:00,11666,11688,11648,11657,4087
2018.03.12,00:00,11651,11658,11623,11630,3264
2018.03.13,00:00,11629,11652,11603,11616,3681
2018.03.14,00:00,11616,11622,11593,11612,3722
2018.03.15,00:00,11611,11651,11597,11647,3876
2018.03.16,00:00,11647,11678,11623,11664,3542
2018.03.19,00:00,11662,11676,11631,11643,3908
2018.03.20,00:00,11642,11683,11640,11681,3738
2018.03.21,00:00,11681,11681,11603,11611,3956
2018.03.22,00:00,11610,11640,11591,11629,4720
2018.03.23,00:00,11629,11631,11590,11601,4414
2018.03.26,00:00,11598,11603,11564,11570,3616
2018.03.27,00:00,11569,11631,11566,11604,3815
2018.03.28,00:00,11604,11672,11594,11666,3996
2018.03.29,00:00,11666,11673,11649,11666,3752
2018.03.30,00:00,11665,11666,11643,11654,3113
2018.04.02,00:00,11653,11667,11645,11655,2959
2018.04.03,00:00,11654,11674,11634,11666,3645
2018.04.04,00:00,11667,11669,11645,11656,3702
2018.04.05,00:00,11657,11707,11652,11694,3382
2018.04.06,00:00,11694,11707,11663,11668,4079
2018.04.09,00:00,11665,11682,11642,11645,3700
2018.04.10,00:00,11644,11650,11619,11623,3777
2018.04.11,00:00,11623,11629,11599,11614,3525
2018.04.12,00:00,11615,11640,11607,11624,3581
2018.04.13,00:00,11624,11627,11603,11621,3247
2018.04.16,00:00,11617,11625,11585,11587,3050
2018.04.17,00:00,11586,11607,11570,11598,2944
2018.04.18,00:00,11597,11632,11595,11610,3297
2018.04.19,00:00,11610,11658,11600,11650,3661
2018.04.20,00:00,11649,11705,11649,11693,3354
2018.04.23,00:00,11697,11758,11693,11753,3250
2018.04.24,00:00,11753,11769,11739,11745,3640
2018.04.25,00:00,11745,11788,11741,11786,3283
2018.04.26,00:00,11785,11805,11756,11799,3843
2018.04.27,00:00,11798,11841,11792,11807,3496
2018.04.30,00:00,11809,11842,11806,11835,3520
2018.05.01,00:00,11834,11902,11831,11894,3307
2018.05.02,00:00,11893,11916,11867,11906,4273
2018.05.03,00:00,11905,11910,11872,11879,4282
2018.05.04,00:00,11878,11915,11866,11887,3679
2018.05.07,00:00,11886,11918,11877,11896,3530
2018.05.08,00:00,11895,11946,11886,11925,3828
2018.05.09,00:00,11924,11960,11917,11937,3726
2018.05.10,00:00,11937,11943,11896,11905,4516
2018.05.11,00:00,11904,11912,11874,11894,3604
2018.05.14,00:00,11893,11904,11872,11903,3251
2018.05.15,00:00,11904,11971,11897,11952,3855
2018.05.16,00:00,11951,11970,11939,11951,4161
2018.05.17,00:00,11951,11967,11922,11956,3963
2018.05.18,00:00,11955,11983,11947,11968,3396
2018.05.21,00:00,11968,12000,11955,11958,3410
2018.05.22,00:00,11957,11968,11937,11958,3488
2018.05.23,00:00,11958,11997,11952,11978,4139
2018.05.24,00:00,11978,11979,11941,11951,4083
2018.05.25,00:00,11950,11991,11947,11987,3779
2018.05.28,00:00,11979,11993,11959,11990,3207
2018.05.29,00:00,11989,12021,11981,12013,4347
2018.05.30,00:00,12014,12021,11969,11971,4517
2018.05.31,00:00,11969,11976,11947,11963,4358
2018.06.01,00:00,11962,12001,11960,11973,4096
2018.06.04,00:00,11972,11976,11926,11957,3348
2018.06.05,00:00,11957,11976,11939,11948,3402
2018.06.06,00:00,11948,11950,11915,11929,3467
2018.06.07,00:00,11928,11933,11905,11924,3661
2018.06.08,00:00,11923,11954,11923,11937,3616
2018.06.11,00:00,11931,11952,11922,11943,3074
2018.06.12,00:00,11944,11974,11936,11967,3710
2018.06.13,00:00,11966,11998,11949,11956,3353
2018.06.14,00:00,11956,12047,11936,12045,3879
2018.06.15,00:00,12044,12067,12030,12045,3961
2018.06.18,00:00,12049,12059,12040,12050,2933
2018.06.19,00:00,12049,12089,12032,12068,3960
2018.06.20,00:00,12067,12084,12062,12081,3496
2018.06.21,00:00,12081,12109,12041,12055,4034
2018.06.22,00:00,12055,12056,12020,12027,3171
2018.06.25,00:00,12023,12035,12010,12018,3376
2018.06.26,00:00,12018,12058,12009,12046,3667
2018.06.27,00:00,12046,12106,12039,12099,3920
2018.06.28,00:00,12099,12115,12089,12103,4054
2018.06.29,00:00,12102,12111,12048,12052,4172
2018.07.02,00:00,12051,12108,12048,12090,3577
2018.07.03,00:00,12089,12102,12055,12061,3362
2018.07.04,00:00,12060,12069,12042,12054,3337
2018.07.05,00:00,12053,12062,12032,12051,3438
2018.07.06,00:00,12050,12060,12014,12020,3326
2018.07.09,00:00,12010,12032,11986,12018,3515
2018.07.10,00:00,12017,12052,12015,12021,3175
2018.07.11,00:00,12019,12088,12019,12085,4221
2018.07.12,00:00,12084,12101,12069,12083,3592
2018.07.13,00:00,12083,12124,12069,12070,3506
2018.07.16,00:00,12067,12076,12049,12064,3013
2018.07.17,00:00,12064,12121,12052,12110,3514
2018.07.18,00:00,12109,12150,12108,12119,3445
2018.07.19,00:00,12118,12172,12104,12131,4074
2018.07.20,00:00,12131,12145,12058,12065,4223
2018.07.23,00:00,12061,12092,12042,12083,3714
2018.07.24,00:00,12082,12100,12053,12066,3718
2018.07.25,00:00,12066,12078,12032,12038,3764
2018.07.26,00:00,12038,12093,12028,12090,3605
2018.07.27,00:00,12091,12100,12072,12078,3116
2018.07.30,00:00,12074,12087,12058,12065,2686
2018.07.31,00:00,12064,12084,12053,12076,3419
2018.08.01,00:00,12077,12094,12075,12086,3369
2018.08.02,00:00,12085,12128,12082,12127,3167
2018.08.03,00:00,12128,12144,12102,12118,3308
2018.08.06,00:00,12115,12145,12114,12134,2643
2018.08.07,00:00,12133,12136,12102,12118,2879
2018.08.08,00:00,12117,12142,12103,12115,2864
2018.08.09,00:00,12115,12157,12105,12156,3070
2018.08.10,00:00,12156,12211,12149,12203,4577
2018.08.13,00:00,12209,12217,12196,12205,4144
2018.08.14,00:00,12204,12251,12200,12240,3510
2018.08.15,00:00,12241,12261,12233,12238,3703
2018.08.16,00:00,12238,12242,12204,12226,3930
2018.08.17,00:00,12225,12233,12189,12189,3386
2018.08.20,00:00,12191,12208,12159,12161,2888
2018.08.21,00:00,12160,12162,12113,12123,3593
2018.08.22,00:00,12122,12143,12112,12126,3409
2018.08.23,00:00,12126,12195,12125,12189,3429
2018.08.24,00:00,12189,12196,12135,12150,3530
2018.08.27,00:00,12150,12159,12117,12123,3234
2018.08.28,00:00,12123,12140,12104,12128,3230
2018.08.29,00:00,12127,12153,12115,12115,3715
2018.08.30,00:00,12115,12139,12113,12124,3609
2018.08.31,00:00,12124,12172,12117,12164,3827
2018.09.03,00:00,12174,12179,12160,12169,2881
2018.09.04,00:00,12170,12212,12169,12195,3475
2018.09.05,00:00,12195,12215,12168,12175,3723
2018.09.06,00:00,12175,12183,12150,12158,3777
2018.09.07,00:00,12158,12204,12150,12201,4089
2018.09.10,00:00,12201,12209,12164,12175,3151
2018.09.11,00:00,12174,12199,12160,12179,3385
2018.09.12,00:00,12178,12197,12146,12155,4636
2018.09.13,00:00,12154,12161,12121,12139,11439
2018.09.14,00:00,12138,12172,12121,12169,7140
2018.09.17,00:00,12166,12170,12129,12133,9071
2018.09.18,00:00,12133,12147,12120,12137,12268
2018.09.19,00:00,12136,12141,12111,12124,11492
2018.09.20,00:00,12124,12129,12071,12081,6478
2018.09.21,00:00,12080,12133,12079,12118,3970
2018.09.24,00:00,12122,12135,12097,12125,9288
2018.09.25,00:00,12125,12136,12108,12115,10308
2018.09.26,00:00,12114,12130,12085,12116,12592
2018.09.27,00:00,12116,12174,12111,12172,12119
2018.09.28,00:00,12172,12196,12167,12190,10331
2018.10.01,00:00,12181,12202,12175,12194,9823
2018.10.02,00:00,12194,12235,12190,12213,11475
2018.10.03,00:00,12214,12274,12203,12268,13402
2018.10.04,00:00,12267,12277,12229,12244,13442
2018.10.05,00:00,12244,12257,12222,12232,13803
2018.10.08,00:00,12228,12252,12221,12227,10703
2018.10.09,00:00,12227,12252,12206,12209,13704
2018.10.10,00:00,12209,12218,12183,12196,13272
2018.10.11,00:00,12195,12197,12154,12157,18609
2018.10.12,00:00,12156,12182,12153,12180,14384
2018.10.15,00:00,12192,12193,12154,12165,12739
2018.10.16,00:00,12165,12177,12145,12165,12057
2018.10.17,00:00,12165,12207,12163,12205,12578
2018.10.18,00:00,12204,12226,12186,12225,14020
2018.10.19,00:00,12224,12232,12193,12206,12877
2018.10.22,00:00,12204,12248,12198,12244,6924
2018.10.23,00:00,12244,12255,12224,12234,7387
2018.10.24,00:00,12233,12276,12229,12268,7714
2018.10.25,00:00,12268,12289,12250,12279,7915
2018.10.26,00:00,12279,12299,12254,12262,7389
2018.10.29,00:00,12261,12290,12255,12289,7315
2018.10.30,00:00,12289,12309,12279,12307,7222
2018.10.31,00:00,12307,12320,12291,12310,7447
2018.11.01,00:00,12309,12311,12212,12218,8083
2018.11.02,00:00,12217,12246,12193,12237,8245
2018.11.05,00:00,12228,12247,12213,12218,6664
2018.11.06,00:00,12217,12222,12197,12199,6357
2018.11.07,00:00,12198,12223,12157,12189,9864
2018.11.08,00:00,12188,12231,12180,12225,7849
2018.11.09,00:00,12225,12253,12219,12249,7517
2018.11.12,00:00,12260,12305,12255,12303,7653
2018.11.13,00:00,12303,12305,12248,12257,9001
2018.11.14,00:00,12257,12286,12220,12244,10434
2018.11.15,00:00,12243,12283,12219,12265,10446
2018.11.16,00:00,12266,12269,12210,12215,8174
2018.11.19,00:00,12217,12228,12201,12208,7288
2018.11.20,00:00,12208,12262,12199,12258,8220
2018.11.21,00:00,12258,12263,12233,12250,7432
2018.11.22,00:00,12250,12254,12216,12230,5980
2018.11.23,00:00,12229,12263,12226,12257,6720
2018.11.26,00:00,12254,12276,12239,12273,6808
2018.11.27,00:00,12273,12306,12264,12293,7577
2018.11.28,00:00,12292,12301,12230,12245,7872
2018.11.29,00:00,12245,12255,12225,12239,7882
2018.11.30,00:00,12239,12273,12235,12263,6688
2018.12.03,00:00,12237,12257,12221,12250,7164
2018.12.04,00:00,12249,12262,12197,12244,8877
2018.12.05,00:00,12243,12276,12239,12265,6320
2018.12.06,00:00,12265,12284,12237,12250,9699
2018.12.07,00:00,12249,12270,12242,12263,8574
2018.12.10,00:00,12270,12316,12240,12311,9150
2018.12.11,00:00,12310,12334,12283,12327,8778
2018.12.12,00:00,12326,12332,12276,12291,8491
2018.12.13,00:00,12290,12305,12273,12290,7502
2018.12.14,00:00,12289,12347,12288,12324,7457
2018.12.17,00:00,12318,12326,12294,12299,6761
2018.12.18,00:00,12298,12301,12261,12287,7501
2018.12.19,00:00,12287,12313,12260,12306,8856
2018.12.20,00:00,12307,12307,12245,12265,9565
2018.12.21,00:00,12266,12308,12252,12301,8427
2018.12.24,00:00,12292,12299,12252,12260,6295
2018.12.26,00:00,12270,12305,12264,12299,3838
2018.12.27,00:00,12298,12299,12274,12284,9054
2018.12.28,00:00,12284,12286,12249,12263,7521
2018.12.31,00:00,12261,12265,12229,12243,5620
2019.01.02,00:00,12232,12298,12219,12283,7134
2019.01.03,00:00,12282,12309,12239,12243,11643
2019.01.04,00:00,12243,12262,12208,12216,9599
2019.01.07,00:00,12214,12217,12185,12188,7416
2019.01.08,00:00,12188,12216,12185,12207,7697
2019.01.09,00:00,12207,12210,12150,12160,8965
2019.01.10,00:00,12160,12181,12144,12175,8449
2019.01.11,00:00,12174,12179,12137,12163,7933
2019.01.14,00:00,12160,12169,12142,12154,6874
2019.01.15,00:00,12153,12210,12142,12174,8993
2019.01.16,00:00,12173,12194,12166,12189,7925
2019.01.17,00:00,12188,12199,12158,12170,7501
2019.01.18,00:00,12170,12211,12166,12208,7111
2019.01.21,00:00,12205,12217,12197,12204,5195
2019.01.22,00:00,12204,12218,12189,12199,6225
2019.01.23,00:00,12198,12204,12172,12177,6604
2019.01.24,00:00,12176,12218,12165,12202,7750
2019.01.25,00:00,12203,12206,12134,12142,7994
2019.01.28,00:00,12143,12151,12128,12142,6204
2019.01.29,00:00,12142,12163,12135,12160,7639
2019.01.30,00:00,12159,12163,12097,12115,8120
2019.01.31,00:00,12114,12120,12090,12112,7678
2019.02.01,00:00,12111,12136,12111,12134,6958
2019.02.04,00:00,12136,12163,12131,12155,5819
2019.02.05,00:00,12155,12179,12146,12174,5756
2019.02.06,00:00,12174,12219,12168,12217,6223
2019.02.07,00:00,12218,12233,12204,12216,6811
2019.02.08,00:00,12215,12231,12212,12224,6005
2019.02.11,00:00,12222,12268,12220,12262,5969
2019.02.12,00:00,12262,12271,12235,12241,5698
2019.02.13,00:00,12241,12272,12226,12271,6431
2019.02.14,00:00,12270,12279,12251,12259,7347
2019.02.15,00:00,12258,12276,12231,12237,6603
2019.02.18,00:00,12233,12237,12219,12231,5448
2019.02.19,00:00,12231,12252,12190,12197,6212
2019.02.20,00:00,12196,12216,12181,12203,6997
2019.02.21,00:00,12203,12230,12190,12220,7686
2019.02.22,00:00,12220,12235,12196,12209,6578
2019.02.25,00:00,12201,12208,12187,12195,6505
2019.02.26,00:00,12194,12194,12139,12151,7205
2019.02.27,00:00,12150,12170,12139,12164,6874
2019.02.28,00:00,12162,12192,12150,12189,7093
2019.03.01,00:00,12188,12222,12177,12211,6781
2019.03.04,00:00,12192,12228,12191,12214,5791
2019.03.05,00:00,12213,12249,12213,12225,6526
2019.03.06,00:00,12224,12249,12223,12237,6177
2019.03.07,00:00,12236,12281,12230,12273,6579
2019.03.08,00:00,12272,12275,12242,12262,6944
2019.03.11,00:00,12268,12275,12233,12233,6126
2019.03.12,00:00,12233,12257,12206,12237,8036
2019.03.13,00:00,12238,12245,12172,12181,6476
2019.03.14,00:00,12180,12226,12179,12217,7362
2019.03.15,00:00,12217,12221,12191,12197,5862
2019.03.18,00:00,12194,12212,12184,12194,5593
2019.03.19,00:00,12194,12199,12179,12193,5693
2019.03.20,00:00,12192,12212,12151,12174,7067
2019.03.21,00:00,12174,12227,12153,12199,8021
2019.03.22,00:00,12198,12219,12185,12190,8278
2019.03.25,00:00,12188,12198,12174,12181,6929
2019.03.26,00:00,12181,12197,12174,12195,6980
2019.03.27,00:00,12195,12215,12188,12212,8339
2019.03.28,00:00,12212,12249,12197,12242,8177
2019.03.29,00:00,12242,12256,12223,12244,8027
2019.04.01,00:00,12236,12248,12217,12239,6187
2019.04.02,00:00,12239,12271,12237,12244,6557
2019.04.03,00:00,12243,12251,12217,12228,6315
2019.04.04,00:00,12227,12249,12218,12246,5522
2019.04.05,00:00,12246,12267,12235,12256,5185
2019.04.08,00:00,12255,12259,12231,12233,4457
2019.04.09,00:00,12233,12239,12214,12231,5146
2019.04.10,00:00,12230,12237,12201,12209,5525
2019.04.11,00:00,12208,12244,12207,12240,5275
2019.04.12,00:00,12240,12244,12206,12224,5286
2019.04.15,00:00,12218,12224,12212,12218,4384
2019.04.16,00:00,12218,12233,12217,12230,5441
2019.04.17,00:00,12229,12238,12214,12228,5206
2019.04.18,00:00,12226,12261,12221,12254,5498
2019.04.19,00:00,12253,12256,12247,12249,3355
2019.04.22,00:00,12250,12258,12247,12254,2465
2019.04.23,00:00,12253,12288,12252,12273,4538
2019.04.24,00:00,12272,12330,12272,12318,5923
2019.04.25,00:00,12317,12333,12305,12315,5682
2019.04.26,00:00,12314,12326,12287,12302,5890
2019.04.29,00:00,12300,12309,12289,12289,4203
2019.04.30,00:00,12289,12296,12259,12266,5465
2019.05.01,00:00,12265,12283,12240,12274,5003
2019.05.02,00:00,12273,12292,12265,12287,5497
2019.05.03,00:00,12286,12307,12247,12247,5343
2019.05.06,00:00,12258,12273,12249,12262,6191
2019.05.07,00:00,12262,12270,12240,12254,6385
2019.05.08,00:00,12253,12272,12243,12268,6665
2019.05.09,00:00,12267,12275,12248,12257,7420
2019.05.10,00:00,12257,12259,12236,12257,7277
2019.05.13,00:00,12253,12268,12236,12268,5721
2019.05.14,00:00,12267,12287,12260,12285,4904
2019.05.15,00:00,12284,12302,12281,12299,5657
2019.05.16,00:00,12298,12327,12293,12323,5105
2019.05.17,00:00,12323,12350,12320,12349,5514
2019.05.20,00:00,12337,12343,12328,12337,4679
2019.05.21,00:00,12337,12361,12330,12354,5510
2019.05.22,00:00,12354,12366,12352,12360,4730
2019.05.23,00:00,12359,12375,12334,12339,5884
2019.05.24,00:00,12339,12346,12311,12314,5229
2019.05.27,00:00,12310,12330,12309,12328,2834
2019.05.28,00:00,12327,12337,12320,12334,5147
2019.05.29,00:00,12333,12353,12326,12349,5489
2019.05.30,00:00,12350,12367,12343,12354,4494
2019.05.31,00:00,12354,12355,12312,12316,6887
2019.06.03,00:00,12319,12319,12273,12282,6408
2019.06.04,00:00,12282,12289,12262,12272,7109
2019.06.05,00:00,12272,12293,12247,12291,7204
2019.06.06,00:00,12291,12292,12253,12275,7309
2019.06.07,00:00,12276,12285,12235,12250,6534
2019.06.10,00:00,12254,12288,12253,12276,5318
2019.06.11,00:00,12275,12286,12263,12267,5679
2019.06.12,00:00,12268,12291,12257,12289,6161
2019.06.13,00:00,12289,12299,12282,12294,5330
2019.06.14,00:00,12293,12338,12291,12334,5904
2019.06.17,00:00,12332,12349,12324,12345,4326
2019.06.18,00:00,12346,12355,12330,12339,5370
2019.06.19,00:00,12339,12342,12294,12312,3492
2019.06.20,00:00,12312,12312,12262,12265,4164
2019.06.21,00:00,12265,12282,12241,12244,3481
2019.06.24,00:00,12243,12245,12227,12229,2849
2019.06.25,00:00,12228,12257,12216,12242,3840
2019.06.26,00:00,12242,12254,12238,12247,3327
2019.06.27,00:00,12246,12260,12238,12244,2846
2019.06.28,00:00,12243,12246,12226,12239,2754
2019.07.01,00:00,12241,12291,12240,12287,2916
2019.07.02,00:00,12286,12290,12268,12278,2605
2019.07.03,00:00,12277,12283,12258,12271,2602
2019.07.04,00:00,12272,12275,12260,12271,1579
2019.07.05,00:00,12271,12331,12269,12313,2565
2019.07.08,00:00,12312,12328,12305,12323,1935
2019.07.09,00:00,12322,12350,12320,12345,2067
2019.07.10,00:00,12345,12353,12309,12316,2999
2019.07.11,00:00,12315,12316,12286,12309,3093
2019.07.12,00:00,12308,12314,12274,12276,2558
2019.07.15,00:00,12275,12290,12272,12284,1790
2019.07.16,00:00,12284,12328,12281,12323,2468
2019.07.17,00:00,12322,12331,12306,12312,2418
2019.07.18,00:00,12311,12313,12253,12256,3200
2019.07.19,00:00,12254,12302,12251,12289,2919
2019.07.22,00:00,12292,12302,12286,12301,2391
2019.07.23,00:00,12300,12334,12299,12330,2449
2019.07.24,00:00,12329,12340,12318,12332,2344
2019.07.25,00:00,12331,12360,12321,12348,3027
2019.07.26,00:00,12347,12380,12347,12375,2108
2019.07.29,00:00,12376,12408,12368,12402,1935
2019.07.30,00:00,12402,12421,12400,12415,2757
2019.07.31,00:00,12415,12450,12397,12437,3927
2019.08.01,00:00,12437,12468,12411,12425,4399
2019.08.02,00:00,12426,12435,12402,12405,4797
2019.08.05,00:00,12402,12411,12378,12389,4529
2019.08.06,00:00,12388,12404,12368,12393,4463
2019.08.07,00:00,12392,12407,12368,12394,5062
2019.08.08,00:00,12394,12396,12368,12385,3921
2019.08.09,00:00,12385,12396,12374,12396,3719
2019.08.12,00:00,12389,12398,12380,12387,3016
2019.08.13,00:00,12386,12415,12376,12412,4308
2019.08.14,00:00,12412,12420,12402,12415,3809
2019.08.15,00:00,12416,12420,12395,12413,4297
2019.08.16,00:00,12412,12418,12403,12412,3215
2019.08.19,00:00,12407,12426,12404,12425,2579
2019.08.20,00:00,12425,12427,12402,12403,2740
2019.08.21,00:00,12402,12423,12402,12419,2622
2019.08.22,00:00,12418,12424,12393,12402,3093
2019.08.23,00:00,12401,12421,12364,12366,4014
2019.08.26,00:00,12364,12399,12359,12393,4710
2019.08.27,00:00,12392,12395,12378,12383,3044
2019.08.28,00:00,12383,12412,12383,12409,3046
2019.08.29,00:00,12410,12432,12402,12427,2981
2019.08.30,00:00,12428,12452,12413,12434,3073
2019.09.02,00:00,12436,12468,12432,12458,2513
2019.09.03,00:00,12457,12482,12436,12439,3709
2019.09.04,00:00,12435,12442,12399,12399,3345
2019.09.05,00:00,12400,12409,12378,12393,3566
2019.09.06,00:00,12393,12400,12375,12393,3195
2019.09.09,00:00,12395,12401,12369,12382,2769
2019.09.10,00:00,12383,12392,12378,12387,2827
2019.09.11,00:00,12388,12408,12383,12401,2601
2019.09.12,00:00,12402,12421,12382,12395,3919
2019.09.13,00:00,12395,12401,12361,12362,3021
2019.09.16,00:00,12357,12399,12354,12392,3013
2019.09.17,00:00,12392,12408,12364,12368,2847
2019.09.18,00:00,12368,12406,12366,12395,2977
2019.09.19,00:00,12395,12402,12371,12386,3291
2019.09.20,00:00,12385,12406,12366,12398,2828
2019.09.23,00:00,12398,12415,12392,12405,2618
2019.09.24,00:00,12406,12411,12373,12375,3060
2019.09.25,00:00,12374,12441,12374,12437,2961
2019.09.26,00:00,12438,12453,12421,12447,2846
2019.09.27,00:00,12448,12458,12438,12447,2900
2019.09.30,00:00,12447,12466,12443,12460,2571
2019.10.01,00:00,12461,12502,12451,12457,3334
2019.10.02,00:00,12458,12481,12439,12443,3106
2019.10.03,00:00,12443,12454,12399,12423,3290
2019.10.04,00:00,12423,12433,12402,12415,2932
2019.10.07,00:00,12416,12439,12410,12438,2554
2019.10.08,00:00,12437,12460,12429,12450,3005
2019.10.09,00:00,12450,12460,12432,12457,2687
2019.10.10,00:00,12457,12457,12403,12412,3825
2019.10.11,00:00,12412,12415,12360,12374,4446
2019.10.14,00:00,12376,12403,12372,12386,3110
2019.10.15,00:00,12385,12399,12360,12369,4218
2019.10.16,00:00,12369,12390,12341,12352,4226
2019.10.17,00:00,12352,12360,12300,12314,4178
2019.10.18,00:00,12314,12321,12283,12284,3351
2019.10.21,00:00,12287,12303,12271,12288,2899
2019.10.22,00:00,12287,12311,12279,12307,3339
2019.10.23,00:00,12307,12317,12299,12303,2849
2019.10.24,00:00,12302,12339,12297,12326,2784
2019.10.25,00:00,12325,12339,12318,12334,2249
2019.10.28,00:00,12337,12341,12323,12326,2156
2019.10.29,00:00,12325,12336,12307,12315,2459
2019.10.30,00:00,12315,12335,12291,12292,2899
2019.10.31,00:00,12292,12294,12264,12274,3201
2019.11.01,00:00,12273,12282,12259,12269,2987
2019.11.04,00:00,12270,12304,12266,12299,2274
2019.11.05,00:00,12299,12324,12290,12317,2950
2019.11.06,00:00,12317,12326,12306,12322,2314
2019.11.07,00:00,12323,12342,12312,12332,3167
2019.11.08,00:00,12332,12357,12331,12354,2412
2019.11.11,00:00,12348,12353,12327,12338,1963
2019.11.12,00:00,12338,12354,12335,12346,2465
2019.11.13,00:00,12345,12352,12338,12343,2555
2019.11.14,00:00,12343,12361,12337,12340,2523
2019.11.15,00:00,12341,12349,12328,12330,1989
2019.11.18,00:00,12327,12329,12307,12318,1943
2019.11.19,00:00,12319,12324,12311,12315,2212
2019.11.20,00:00,12315,12331,12313,12324,2492
2019.11.21,00:00,12323,12338,12309,12333,2568
2019.11.22,00:00,12332,12355,12322,12353,2232
2019.11.25,00:00,12347,12358,12344,12350,2140
2019.11.26,00:00,12349,12364,12348,12354,2345
2019.11.27,00:00,12353,12368,12352,12360,1979
2019.11.28,00:00,12360,12365,12353,12361,1998
2019.11.29,00:00,12360,12374,12353,12353,2041
2019.12.02,00:00,12358,12363,12318,12322,2171
2019.12.03,00:00,12322,12328,12294,12300,2219
2019.12.04,00:00,12300,12309,12275,12287,2420
2019.12.05,00:00,12287,12290,12272,12275,2046
2019.12.06,00:00,12275,12297,12270,12282,2270
2019.12.09,00:00,12285,12286,12275,12283,1782
2019.12.10,00:00,12283,12287,12271,12283,2192
2019.12.11,00:00,12283,12292,12241,12251,2838
2019.12.12,00:00,12250,12288,12240,12258,3370
2019.12.13,00:00,12259,12259,12187,12245,5304
2019.12.16,00:00,12236,12246,12226,12240,2480
2019.12.17,00:00,12239,12287,12237,12279,3144
2019.12.18,00:00,12279,12300,12277,12295,2652
2019.12.19,00:00,12295,12301,12276,12293,2815
2019.12.20,00:00,12292,12306,12284,12301,2138
2019.12.23,00:00,12299,12313,12288,12303,2209
2019.12.24,00:00,12303,12309,12294,12299,1800
2019.12.26,00:00,12294,12302,12285,12289,837
2019.12.27,00:00,12288,12289,12243,12249,2346
2019.12.30,00:00,12247,12250,12216,12228,2455
2019.12.31,00:00,12227,12228,12181,12191,2108
2020.01.02,00:00,12204,12231,12202,12223,1995
2020.01.03,00:00,12222,12251,12218,12239,3205
2020.01.06,00:00,12235,12242,12213,12223,2804
2020.01.07,00:00,12222,12267,12221,12257,2931
2020.01.08,00:00,12256,12284,12247,12283,3626
2020.01.09,00:00,12282,12307,12276,12296,2541
2020.01.10,00:00,12297,12300,12278,12284,2460
2020.01.13,00:00,12289,12307,12284,12300,2177
2020.01.14,00:00,12300,12312,12293,12297,2424
2020.01.15,00:00,12296,12305,12284,12288,2256
2020.01.16,00:00,12288,12297,12274,12290,2365
2020.01.17,00:00,12290,12316,12282,12316,2247
2020.01.20,00:00,12314,12326,12312,12315,1511
2020.01.21,00:00,12315,12322,12297,12313,2342
2020.01.22,00:00,12312,12320,12294,12296,2370
2020.01.23,00:00,12295,12308,12282,12299,2537
2020.01.24,00:00,12299,12320,12293,12315,2573
2020.01.27,00:00,12307,12335,12307,12327,2617
2020.01.28,00:00,12327,12351,12326,12336,2374
2020.01.29,00:00,12335,12353,12333,12338,2454
2020.01.30,00:00,12339,12350,12326,12329,2860
2020.01.31,00:00,12328,12338,12296,12298,2625
2020.02.03,00:00,12305,12346,12301,12342,2838
2020.02.04,00:00,12343,12353,12333,12343,2496
2020.02.05,00:00,12343,12366,12332,12360,2666
2020.02.06,00:00,12359,12384,12358,12380,2562
2020.02.07,00:00,12379,12405,12379,12405,2574
2020.02.10,00:00,12402,12407,12390,12404,2263
2020.02.11,00:00,12403,12405,12382,12390,2288
2020.02.12,00:00,12390,12399,12379,12397,2241
2020.02.13,00:00,12396,12403,12377,12388,2637
2020.02.14,00:00,12389,12399,12383,12391,2143
2020.02.17,00:00,12388,12401,12384,12398,1597
2020.02.18,00:00,12397,12415,12396,12414,2511
2020.02.19,00:00,12415,12459,12409,12450,2443
2020.02.20,00:00,12450,12491,12441,12488,3189
2020.02.21,00:00,12487,12491,12445,12453,3019
2020.02.24,00:00,12461,12475,12434,12446,3676
2020.02.25,00:00,12446,12455,12414,12422,3675
2020.02.26,00:00,12421,12459,12421,12456,3804
2020.02.27,00:00,12455,12457,12412,12415,4449
2020.02.28,00:00,12416,12444,12394,12411,5858
2020.03.02,00:00,12411,12411,12371,12398,6349
2020.03.03,00:00,12398,12402,12332,12349,6328
2020.03.04,00:00,12349,12364,12342,12344,4634
2020.03.05,00:00,12345,12349,12287,12290,4047
2020.03.06,00:00,12289,12300,12227,12244,6631
2020.03.09,00:00,12216,12227,12129,12162,15762
2020.03.10,00:00,12158,12316,12152,12306,11321
2020.03.11,00:00,12308,12313,12261,12307,7904
2020.03.12,00:00,12308,12467,12272,12427,14104
2020.03.13,00:00,12427,12581,12408,12550,14858
2020.03.16,00:00,12559,12564,12474,12526,16498
2020.03.17,00:00,12536,12676,12525,12657,12107
2020.03.18,00:00,12656,12857,12622,12803,14171
2020.03.19,00:00,12821,12926,12776,12919,22258
2020.03.20,00:00,12918,12955,12756,12890,20527
2020.03.23,00:00,12887,12932,12836,12890,18757
2020.03.24,00:00,12891,12902,12781,12813,16287
2020.03.25,00:00,12813,12844,12750,12775,13914
2020.03.26,00:00,12774,12803,12632,12643,15518
2020.03.27,00:00,12649,12660,12518,12527,16678
2020.03.30,00:00,12533,12583,12517,12547,12180
2020.03.31,00:00,12553,12626,12549,12555,13042
2020.04.01,00:00,12551,12612,12549,12584,10247
2020.04.02,00:00,12583,12640,12567,12616,9002
2020.04.03,00:00,12616,12692,12614,12675,7663
2020.04.06,00:00,12672,12692,12650,12672,7172
2020.04.07,00:00,12672,12688,12591,12608,7541
2020.04.08,00:00,12610,12643,12581,12592,5836
2020.04.09,00:00,12592,12611,12520,12534,6002
2020.04.10,00:00,12538,12546,12521,12526,3968
2020.04.13,00:00,12528,12536,12493,12509,4554
2020.04.14,00:00,12509,12510,12445,12452,4752
2020.04.15,00:00,12451,12550,12449,12515,5057
2020.04.16,00:00,12514,12569,12514,12546,6001
2020.04.17,00:00,12545,12561,12506,12517,6368
2020.04.20,00:00,12515,12545,12510,12537,4652
2020.04.21,00:00,12536,12593,12535,12576,5381
2020.04.22,00:00,12576,12582,12541,12566,4285
2020.04.23,00:00,12567,12585,12530,12559,5535
2020.04.24,00:00,12559,12583,12539,12541,4449
2020.04.27,00:00,12536,12545,12495,12506,3892
2020.04.28,00:00,12505,12521,12459,12497,4359
2020.04.29,00:00,12496,12497,12457,12458,4199
2020.04.30,00:00,12457,12481,12415,12442,5480
2020.05.01,00:00,12445,12478,12444,12474,4326
2020.05.04,00:00,12472,12508,12472,12490,4247
2020.05.05,00:00,12489,12510,12472,12499,4147
2020.05.06,00:00,12499,12527,12490,12521,4012
2020.05.07,00:00,12521,12539,12488,12491,4476
2020.05.08,00:00,12490,12500,12459,12482,3737
