2019.04.15,00:00,1013064,1013064,1013064,1013064,1
2019.05.20,08:00,9892,9908,9882,9906,828
2019.05.20,12:00,9906,9924,9895,9916,2145
2019.05.20,16:00,9917,9927,9902,9912,2807
2019.05.20,20:00,9913,9915,9904,9904,1227
2019.05.21,00:00,9903,9906,9890,9892,1316
2019.05.21,04:00,9892,9904,9884,9903,1707
2019.05.21,08:00,9903,9924,9902,9917,1881
2019.05.21,12:00,9917,9922,9862,9863,2312
2019.05.21,16:00,9863,9877,9839,9856,2904
2019.05.21,20:00,9857,9875,9854,9871,1007
2019.05.22,00:00,9871,9876,9861,9873,1181
2019.05.22,04:00,9874,9883,9856,9877,1328
2019.05.22,08:00,9877,9895,9875,9884,1980
2019.05.22,12:00,9885,9895,9870,9883,1929
2019.05.22,16:00,9884,9904,9880,9904,2405
2019.05.22,20:00,9904,9905,9894,9898,1099
2019.05.23,00:00,9898,9919,9897,9916,1004
2019.05.23,04:00,9917,9927,9905,9907,1329
2019.05.23,08:00,9908,9939,9907,9933,2453
2019.05.23,12:00,9932,9950,9929,9946,2357
2019.05.23,16:00,9946,9972,9944,9968,3479
2019.05.23,20:00,9969,9980,9962,9963,1758
2019.05.24,00:00,9962,9974,9953,9956,1319
2019.05.24,04:00,9955,9976,9951,9969,1505
2019.05.24,08:00,9968,9974,9954,9962,1925
2019.05.24,12:00,9961,9965,9935,9960,2185
2019.05.24,16:00,9959,9978,9946,9961,2566
2019.05.24,20:00,9961,9966,9956,9965,969
2019.05.27,00:00,9950,9963,9941,9944,560
2019.05.27,04:00,9945,9951,9941,9944,670
2019.05.27,08:00,9943,9953,9932,9953,889
2019.05.27,12:00,9954,9962,9950,9955,512
2019.05.27,16:00,9954,9962,9952,9955,357
2019.05.27,20:00,9956,9958,9952,9952,323
2019.05.28,00:00,9951,9958,9943,9947,640
2019.05.28,04:00,9948,9967,9948,9953,592
2019.05.28,08:00,9952,9990,9948,9987,1196
2019.05.28,12:00,9986,9986,9960,9966,1186
2019.05.28,16:00,9967,9969,9951,9965,1356
2019.05.28,20:00,9964,9990,9963,9984,714
2019.05.29,00:00,9983,10002,9980,9990,969
2019.05.29,04:00,9989,9993,9976,9993,776
2019.05.29,08:00,9992,10012,9984,10003,1276
2019.05.29,12:00,10004,10015,9986,9987,1111
2019.05.29,16:00,9986,10020,9985,10002,1568
2019.05.29,20:00,10001,10003,9971,9979,915
2019.05.30,00:00,9980,9988,9969,9986,831
2019.05.30,04:00,9987,9987,9959,9962,832
2019.05.30,08:00,9963,9968,9951,9963,972
2019.05.30,12:00,9962,9971,9957,9969,900
2019.05.30,16:00,9970,9977,9950,9969,1179
2019.05.30,20:00,9970,9994,9968,9979,798
2019.05.31,00:00,9978,10021,9978,10019,1162
2019.05.31,04:00,10018,10043,10001,10040,1349
2019.05.31,08:00,10039,10059,10038,10056,1447
2019.05.31,12:00,10055,10072,10049,10059,1475
2019.05.31,16:00,10058,10075,10047,10069,1892
2019.05.31,20:00,10068,10087,10064,10085,1150
2019.06.03,00:00,10084,10098,10076,10078,967
2019.06.03,04:00,10079,10097,10077,10097,850
2019.06.03,08:00,10096,10096,10074,10080,1339
2019.06.03,12:00,10081,10083,10061,10065,1084
2019.06.03,16:00,10066,10074,10053,10066,1525
2019.06.03,20:00,10065,10078,10055,10065,1346
2019.06.04,00:00,10064,10081,10064,10079,875
2019.06.04,04:00,10080,10088,10066,10078,890
2019.06.04,08:00,10077,10079,10057,10059,1142
2019.06.04,12:00,10058,10071,10047,10050,1307
2019.06.04,16:00,10049,10059,10032,10038,1538
2019.06.04,20:00,10037,10046,10037,10040,728
2019.06.05,00:00,10039,10041,10028,10036,672
2019.06.05,04:00,10037,10045,10032,10039,648
2019.06.05,08:00,10040,10046,10013,10018,1011
2019.06.05,12:00,10017,10050,10005,10042,1591
2019.06.05,16:00,10043,10052,10027,10037,1836
2019.06.05,20:00,10036,10042,10027,10028,622
2019.06.06,00:00,10027,10053,10026,10040,1073
2019.06.06,04:00,10041,10049,10039,10047,679
2019.06.06,08:00,10046,10066,10039,10048,1106
2019.06.06,12:00,10047,10052,10030,10035,1372
2019.06.06,16:00,10036,10039,10020,10024,1545
2019.06.06,20:00,10023,10026,9998,10010,936
2019.06.07,00:00,10011,10017,9999,10008,982
2019.06.07,04:00,10009,10013,9999,10007,821
2019.06.07,08:00,10006,10016,10000,10002,794
2019.06.07,12:00,10003,10027,9995,10021,1056
2019.06.07,16:00,10022,10027,9993,9996,1475
2019.06.07,20:00,9997,10000,9987,9994,803
2019.06.10,00:00,9958,9984,9958,9980,825
2019.06.10,04:00,9979,9983,9968,9968,746
2019.06.10,08:00,9969,9980,9966,9978,806
2019.06.10,12:00,9977,9991,9974,9991,793
2019.06.10,16:00,9990,9990,9980,9981,868
2019.06.10,20:00,9980,10000,9979,9993,608
2019.06.11,00:00,9992,9999,9988,9990,654
2019.06.11,04:00,9991,9991,9975,9979,674
2019.06.11,08:00,9980,9984,9967,9970,828
2019.06.11,12:00,9971,9971,9959,9963,990
2019.06.11,16:00,9962,9990,9961,9987,1269
2019.06.11,20:00,9986,9988,9977,9980,625
2019.06.12,00:00,9980,9986,9974,9980,835
2019.06.12,04:00,9979,9992,9979,9986,730
2019.06.12,08:00,9987,10009,9987,10007,901
2019.06.12,12:00,10008,10011,9990,9995,974
2019.06.12,16:00,9994,10006,9985,10005,1330
2019.06.12,20:00,10006,10014,10004,10012,539
2019.06.13,00:00,10010,10015,10006,10010,710
2019.06.13,04:00,10011,10044,10006,10026,1011
2019.06.13,08:00,10027,10040,10023,10028,1055
2019.06.13,12:00,10027,10028,10014,10018,807
2019.06.13,16:00,10017,10030,10013,10023,1056
2019.06.13,20:00,10022,10037,10022,10027,573
2019.06.14,00:00,10028,10040,10027,10036,754
2019.06.14,04:00,10037,10046,10033,10040,595
2019.06.14,08:00,10039,10058,10038,10051,794
2019.06.14,12:00,10052,10063,10047,10050,1110
2019.06.14,16:00,10051,10072,10047,10064,1252
2019.06.14,20:00,10063,10068,10063,10065,603
2019.06.17,00:00,10065,10069,10049,10052,565
2019.06.17,04:00,10051,10057,10046,10054,526
2019.06.17,08:00,10055,10066,10051,10061,673
2019.06.17,12:00,10060,10061,10048,10059,827
2019.06.17,16:00,10058,10068,10052,10068,705
2019.06.17,20:00,10069,10081,10067,10077,456
2019.06.18,00:00,10077,10080,10071,10075,549
2019.06.18,04:00,10074,10107,10072,10096,698
2019.06.18,08:00,10097,10120,10095,10110,1178
2019.06.18,12:00,10111,10120,10103,10113,1048
2019.06.18,16:00,10114,10124,10066,10075,1678
2019.06.18,20:00,10076,10080,10072,10074,571
2019.06.19,00:00,10074,10076,10053,10062,583
2019.06.19,04:00,10061,10087,10056,10086,689
2019.06.19,08:00,10087,10095,10074,10075,827
2019.06.19,12:00,10076,10077,10059,10063,798
2019.06.19,16:00,10064,10072,10060,10065,946
2019.06.19,20:00,10066,10082,10057,10071,1541
2019.06.20,00:00,10071,10096,10061,10093,920
2019.06.20,04:00,10092,10099,10082,10093,1138
2019.06.20,08:00,10092,10096,10052,10058,1412
2019.06.20,12:00,10059,10067,10046,10059,1279
2019.06.20,16:00,10058,10108,10055,10096,1524
2019.06.20,20:00,10095,10105,10091,10098,838
2019.06.21,00:00,10096,10103,10088,10090,713
2019.06.21,04:00,10091,10115,10087,10114,815
2019.06.21,08:00,10113,10115,10076,10091,1432
2019.06.21,12:00,10092,10093,10079,10090,1007
2019.06.21,16:00,10091,10093,10060,10076,1385
2019.06.21,20:00,10075,10080,10071,10078,826
2019.06.24,00:00,10080,10082,10060,10063,754
2019.06.24,04:00,10062,10068,10053,10056,710
2019.06.24,08:00,10055,10066,10049,10064,927
2019.06.24,12:00,10063,10070,10057,10060,754
2019.06.24,16:00,10059,10067,10055,10061,993
2019.06.24,20:00,10060,10064,10056,10060,401
2019.06.25,00:00,10059,10065,10049,10060,735
2019.06.25,04:00,10059,10106,10057,10103,1140
2019.06.25,08:00,10104,10104,10073,10079,1187
2019.06.25,12:00,10080,10093,10075,10081,935
2019.06.25,16:00,10082,10105,10080,10084,1231
2019.06.25,20:00,10085,10096,10078,10083,1071
2019.06.26,00:00,10081,10092,10069,10072,933
2019.06.26,04:00,10073,10077,10059,10063,835
2019.06.26,08:00,10062,10069,10050,10058,961
2019.06.26,12:00,10057,10058,10023,10038,1280
2019.06.26,16:00,10039,10042,10017,10019,1125
2019.06.26,20:00,10020,10022,10007,10014,602
2019.06.27,00:00,10013,10024,10011,10020,806
2019.06.27,04:00,10019,10021,9985,9991,930
2019.06.27,08:00,9990,9999,9981,9995,997
2019.06.27,12:00,9996,10010,9989,10001,1173
2019.06.27,16:00,10002,10022,9999,10013,1043
2019.06.27,20:00,10014,10016,10001,10004,528
2019.06.28,00:00,10004,10018,10000,10016,744
2019.06.28,04:00,10015,10029,10010,10021,755
2019.06.28,08:00,10020,10023,10004,10013,859
2019.06.28,12:00,10012,10017,9998,9999,789
2019.06.28,16:00,9998,10005,9987,9994,1154
2019.06.28,20:00,9995,10000,9985,9985,723
2019.07.01,00:00,9952,9970,9928,9964,1197
2019.07.01,04:00,9963,9981,9957,9965,763
2019.07.01,08:00,9966,9979,9951,9978,1100
2019.07.01,12:00,9977,9984,9963,9966,840
2019.07.01,16:00,9967,9988,9964,9982,991
2019.07.01,20:00,9983,9988,9982,9984,518
2019.07.02,00:00,9983,9997,9980,9984,666
2019.07.02,04:00,9985,9995,9977,9981,656
2019.07.02,08:00,9982,10004,9975,10000,789
2019.07.02,12:00,9999,10002,9984,9997,775
2019.07.02,16:00,9996,10034,9990,10024,1098
2019.07.02,20:00,10025,10036,10024,10028,618
2019.07.03,00:00,10028,10051,10026,10051,643
2019.07.03,04:00,10050,10063,10050,10053,727
2019.07.03,08:00,10052,10063,10042,10044,849
2019.07.03,12:00,10043,10048,10034,10035,908
2019.07.03,16:00,10036,10036,10019,10020,1067
2019.07.03,20:00,10021,10023,10016,10021,278
2019.07.04,00:00,10020,10026,10019,10025,591
2019.07.04,04:00,10024,10028,10017,10021,382
2019.07.04,08:00,10020,10030,10018,10027,540
2019.07.04,12:00,10028,10034,10024,10026,513
2019.07.04,16:00,10025,10028,10021,10027,502
2019.07.04,20:00,10028,10029,10020,10020,688
2019.07.05,00:00,10021,10023,10016,10021,604
2019.07.05,04:00,10020,10024,10016,10017,442
2019.07.05,08:00,10016,10019,10007,10014,595
2019.07.05,12:00,10015,10017,9993,9996,977
2019.07.05,16:00,9997,10012,9995,9998,1197
2019.07.05,20:00,9999,9999,9984,9994,576
2019.07.08,00:00,9996,10001,9985,9992,579
2019.07.08,04:00,9991,10007,9988,10004,542
2019.07.08,08:00,10005,10012,9996,9998,588
2019.07.08,12:00,9999,10001,9980,9983,677
2019.07.08,16:00,9984,9990,9978,9985,748
2019.07.08,20:00,9984,9987,9976,9981,375
2019.07.09,00:00,9980,9985,9967,9971,470
2019.07.09,04:00,9972,9987,9969,9985,542
2019.07.09,08:00,9986,9999,9981,9991,854
2019.07.09,12:00,9990,10003,9987,10000,735
2019.07.09,16:00,10001,10007,9993,10000,762
2019.07.09,20:00,9999,10006,9991,9997,429
2019.07.10,00:00,9996,9999,9987,9989,560
2019.07.10,04:00,9990,10001,9988,10000,409
2019.07.10,08:00,9999,10001,9982,9983,741
2019.07.10,12:00,9984,9994,9980,9993,881
2019.07.10,16:00,9994,10012,9980,10004,1374
2019.07.10,20:00,10005,10006,9999,10001,598
2019.07.11,00:00,10001,10029,10000,10027,668
2019.07.11,04:00,10028,10041,10026,10030,661
2019.07.11,08:00,10031,10035,10016,10019,819
2019.07.11,12:00,10020,10020,9998,9998,954
2019.07.11,16:00,9997,10010,9992,9992,1036
2019.07.11,20:00,9993,9999,9987,9989,694
2019.07.12,00:00,9989,9992,9980,9981,676
2019.07.12,04:00,9980,9992,9977,9988,549
2019.07.12,08:00,9989,9991,9980,9986,786
2019.07.12,12:00,9985,10005,9980,10001,808
2019.07.12,16:00,10002,10020,9997,10014,863
2019.07.12,20:00,10013,10023,10012,10014,499
2019.07.15,00:00,10010,10024,10010,10023,163
2019.07.15,04:00,10024,10025,9993,9999,690
2019.07.15,08:00,9998,10019,9997,10015,603
2019.07.15,12:00,10016,10018,10011,10015,638
2019.07.15,16:00,10016,10027,10013,10026,643
2019.07.15,20:00,10025,10028,10020,10022,362
2019.07.16,00:00,10022,10029,10018,10021,658
2019.07.16,04:00,10022,10024,10009,10017,534
2019.07.16,08:00,10018,10028,10009,10025,716
2019.07.16,12:00,10024,10047,10016,10017,792
2019.07.16,16:00,10016,10026,10010,10020,1001
2019.07.16,20:00,10021,10033,10017,10030,538
2019.07.17,00:00,10030,10034,10023,10030,674
2019.07.17,04:00,10031,10044,10029,10029,565
2019.07.17,08:00,10030,10039,10022,10027,664
2019.07.17,12:00,10026,10035,10022,10027,643
2019.07.17,16:00,10028,10039,10022,10026,1018
2019.07.17,20:00,10025,10048,10025,10047,586
2019.07.18,00:00,10046,10066,10041,10064,711
2019.07.18,04:00,10065,10072,10054,10061,750
2019.07.18,08:00,10062,10065,10048,10050,734
2019.07.18,12:00,10049,10055,10035,10040,950
2019.07.18,16:00,10039,10055,10034,10046,892
2019.07.18,20:00,10045,10065,10044,10057,931
2019.07.19,00:00,10056,10061,10042,10042,1096
2019.07.19,04:00,10043,10044,10035,10038,605
2019.07.19,08:00,10037,10042,10031,10040,754
2019.07.19,12:00,10041,10049,10036,10047,823
2019.07.19,16:00,10048,10057,10043,10045,1073
2019.07.19,20:00,10046,10055,10037,10046,873
2019.07.22,00:00,10046,10050,10030,10033,738
2019.07.22,04:00,10032,10034,10022,10029,704
2019.07.22,08:00,10028,10042,10024,10040,647
2019.07.22,12:00,10039,10044,10032,10038,599
2019.07.22,16:00,10039,10051,10038,10047,791
2019.07.22,20:00,10046,10054,10046,10053,514
2019.07.23,00:00,10053,10059,10039,10044,726
2019.07.23,04:00,10043,10049,10038,10040,677
2019.07.23,08:00,10041,10047,10039,10041,645
2019.07.23,12:00,10042,10052,10034,10048,717
2019.07.23,16:00,10049,10065,10043,10054,979
2019.07.23,20:00,10055,10057,10043,10045,563
2019.07.24,00:00,10045,10062,10044,10060,556
2019.07.24,04:00,10061,10064,10056,10062,475
2019.07.24,08:00,10063,10080,10060,10070,852
2019.07.24,12:00,10071,10071,10055,10068,823
2019.07.24,16:00,10067,10068,10055,10055,920
2019.07.24,20:00,10056,10061,10052,10055,479
2019.07.25,00:00,10054,10060,10052,10055,585
2019.07.25,04:00,10054,10064,10053,10064,569
2019.07.25,08:00,10065,10074,10061,10070,591
2019.07.25,12:00,10071,10073,10045,10048,1107
2019.07.25,16:00,10049,10049,10018,10026,1491
2019.07.25,20:00,10027,10029,10019,10028,630
2019.07.26,00:00,10026,10030,10020,10023,568
2019.07.26,04:00,10024,10037,10022,10032,397
2019.07.26,08:00,10033,10044,10030,10038,614
2019.07.26,12:00,10037,10044,10031,10043,733
2019.07.26,16:00,10042,10059,10042,10053,970
2019.07.26,20:00,10054,10054,10048,10052,398
2019.07.29,00:00,10051,10072,10049,10069,438
2019.07.29,04:00,10070,10072,10062,10065,390
2019.07.29,08:00,10064,10068,10056,10066,471
2019.07.29,12:00,10067,10077,10063,10077,593
2019.07.29,16:00,10076,10078,10053,10059,805
2019.07.29,20:00,10060,10067,10057,10066,469
2019.07.30,00:00,10066,10066,10054,10063,706
2019.07.30,04:00,10062,10103,10061,10101,917
2019.07.30,08:00,10100,10103,10085,10098,968
2019.07.30,12:00,10099,10114,10094,10102,863
2019.07.30,16:00,10101,10107,10093,10096,1037
2019.07.30,20:00,10097,10100,10093,10097,614
2019.07.31,00:00,10096,10103,10093,10094,726
2019.07.31,04:00,10095,10106,10091,10094,734
2019.07.31,08:00,10093,10098,10089,10095,707
2019.07.31,12:00,10096,10097,10084,10087,655
2019.07.31,16:00,10088,10093,10078,10091,1044
2019.07.31,20:00,10092,10115,10079,10107,1713
2019.08.01,00:00,10106,10116,10084,10087,1116
2019.08.01,04:00,10086,10088,10076,10082,749
2019.08.01,08:00,10083,10098,10081,10096,768
2019.08.01,12:00,10095,10153,10093,10149,1084
2019.08.01,16:00,10150,10176,10147,10164,1381
2019.08.01,20:00,10165,10261,10164,10256,2342
2019.08.02,00:00,10256,10279,10242,10275,1639
2019.08.02,04:00,10274,10306,10271,10285,1551
2019.08.02,08:00,10284,10308,10277,10301,1483
2019.08.02,12:00,10300,10330,10298,10298,1558
2019.08.02,16:00,10299,10337,10270,10315,2219
2019.08.02,20:00,10314,10329,10313,10316,1092
2019.08.05,00:00,10312,10344,10312,10334,1124
2019.08.05,04:00,10333,10401,10327,10373,2218
2019.08.05,08:00,10372,10402,10372,10390,1543
2019.08.05,12:00,10391,10395,10349,10360,1525
2019.08.05,16:00,10361,10369,10343,10366,1930
2019.08.05,20:00,10365,10376,10348,10373,1415
2019.08.06,00:00,10373,10412,10366,10371,2002
2019.08.06,04:00,10372,10372,10260,10297,2322
2019.08.06,08:00,10298,10320,10289,10315,1806
2019.08.06,12:00,10316,10328,10299,10327,1180
2019.08.06,16:00,10326,10345,10308,10340,1805
2019.08.06,20:00,10341,10346,10325,10333,947
2019.08.07,00:00,10332,10360,10331,10346,1117
2019.08.07,04:00,10345,10409,10337,10385,1891
2019.08.07,08:00,10384,10385,10360,10371,1118
2019.08.07,12:00,10370,10417,10364,10413,1472
2019.08.07,16:00,10412,10425,10389,10397,2747
2019.08.07,20:00,10398,10400,10354,10358,1712
2019.08.08,00:00,10359,10380,10356,10378,1231
2019.08.08,04:00,10377,10383,10341,10358,1511
2019.08.08,08:00,10359,10366,10353,10358,1025
2019.08.08,12:00,10359,10384,10351,10367,1152
2019.08.08,16:00,10368,10375,10339,10340,1767
2019.08.08,20:00,10339,10372,10338,10357,1035
2019.08.09,00:00,10356,10393,10355,10363,1790
2019.08.09,04:00,10362,10371,10351,10360,808
2019.08.09,08:00,10361,10375,10360,10372,823
2019.08.09,12:00,10371,10401,10368,10397,1012
2019.08.09,16:00,10396,10439,10380,10413,1879
2019.08.09,20:00,10412,10417,10399,10411,1131
2019.08.12,00:00,10410,10446,10406,10436,905
2019.08.12,04:00,10435,10436,10418,10431,767
2019.08.12,08:00,10430,10460,10421,10454,1054
2019.08.12,12:00,10453,10474,10447,10450,1194
2019.08.12,16:00,10449,10456,10428,10443,1475
2019.08.12,20:00,10442,10454,10441,10447,753
2019.08.13,00:00,10446,10458,10431,10440,1249
2019.08.13,04:00,10439,10445,10426,10441,970
2019.08.13,08:00,10440,10470,10438,10451,981
2019.08.13,12:00,10452,10467,10447,10459,1323
2019.08.13,16:00,10458,10461,10277,10327,3353
2019.08.13,20:00,10326,10340,10310,10310,1123
2019.08.14,00:00,10310,10352,10308,10349,1236
2019.08.14,04:00,10348,10362,10322,10330,1261
2019.08.14,08:00,10329,10357,10329,10347,1035
2019.08.14,12:00,10348,10420,10344,10400,1829
2019.08.14,16:00,10399,10439,10391,10434,2433
2019.08.14,20:00,10435,10438,10407,10420,1488
2019.08.15,00:00,10420,10435,10405,10411,1087
2019.08.15,04:00,10410,10422,10401,10407,1136
2019.08.15,08:00,10408,10411,10324,10392,1708
2019.08.15,12:00,10393,10426,10359,10375,2982
2019.08.15,16:00,10376,10398,10370,10392,2463
2019.08.15,20:00,10393,10419,10387,10392,1435
2019.08.16,00:00,10391,10404,10386,10396,990
2019.08.16,04:00,10397,10397,10380,10389,941
2019.08.16,08:00,10388,10392,10362,10367,1156
2019.08.16,12:00,10366,10370,10350,10359,1288
2019.08.16,16:00,10360,10383,10355,10363,1606
2019.08.16,20:00,10364,10367,10356,10360,683
2019.08.19,00:00,10342,10361,10342,10359,825
2019.08.19,04:00,10358,10370,10353,10358,633
2019.08.19,08:00,10357,10359,10332,10342,1041
2019.08.19,12:00,10343,10346,10331,10337,936
2019.08.19,16:00,10336,10356,10334,10352,1010
2019.08.19,20:00,10353,10354,10346,10351,611
2019.08.20,00:00,10351,10364,10347,10353,712
2019.08.20,04:00,10354,10357,10346,10349,708
2019.08.20,08:00,10348,10376,10347,10372,948
2019.08.20,12:00,10373,10390,10372,10386,869
2019.08.20,16:00,10387,10397,10354,10366,1488
2019.08.20,20:00,10365,10378,10363,10372,615
2019.08.21,00:00,10372,10373,10359,10366,703
2019.08.21,04:00,10365,10366,10340,10354,642
2019.08.21,08:00,10353,10356,10340,10345,747
2019.08.21,12:00,10344,10355,10339,10342,789
2019.08.21,16:00,10343,10360,10336,10345,1025
2019.08.21,20:00,10344,10351,10339,10341,730
2019.08.22,00:00,10340,10349,10337,10346,581
2019.08.22,04:00,10347,10371,10344,10368,550
2019.08.22,08:00,10369,10381,10349,10361,985
2019.08.22,12:00,10360,10379,10323,10334,1230
2019.08.22,16:00,10333,10358,10325,10345,1600
2019.08.22,20:00,10346,10351,10344,10347,553
2019.08.23,00:00,10346,10351,10331,10337,740
2019.08.23,04:00,10336,10348,10336,10343,669
2019.08.23,08:00,10344,10348,10335,10342,751
2019.08.23,12:00,10341,10368,10332,10355,1298
2019.08.23,16:00,10356,10449,10341,10434,2949
2019.08.23,20:00,10435,10442,10420,10424,1610
2019.08.26,00:00,10463,10525,10456,10465,2535
2019.08.26,04:00,10464,10464,10396,10446,2028
2019.08.26,08:00,10445,10456,10379,10390,2700
2019.08.26,12:00,10389,10412,10346,10367,1785
2019.08.26,16:00,10369,10390,10359,10362,1987
2019.08.26,20:00,10361,10373,10350,10363,870
2019.08.27,00:00,10361,10395,10358,10392,1062
2019.08.27,04:00,10391,10412,10380,10403,1000
2019.08.27,08:00,10404,10417,10389,10394,1234
2019.08.27,12:00,10393,10399,10373,10379,1275
2019.08.27,16:00,10378,10406,10362,10401,1726
2019.08.27,20:00,10402,10406,10393,10401,708
2019.08.28,00:00,10400,10413,10397,10405,705
2019.08.28,04:00,10406,10411,10390,10402,898
2019.08.28,08:00,10401,10432,10398,10421,1133
2019.08.28,12:00,10420,10430,10408,10419,1248
2019.08.28,16:00,10420,10427,10395,10396,1437
2019.08.28,20:00,10395,10400,10380,10390,843
2019.08.29,00:00,10390,10402,10387,10398,957
2019.08.29,04:00,10399,10420,10398,10413,762
2019.08.29,08:00,10414,10422,10370,10372,1271
2019.08.29,12:00,10373,10380,10358,10376,1011
2019.08.29,16:00,10377,10382,10354,10356,1404
2019.08.29,20:00,10357,10366,10348,10361,734
2019.08.30,00:00,10360,10373,10357,10369,661
2019.08.30,04:00,10370,10382,10367,10379,750
2019.08.30,08:00,10380,10392,10367,10381,1141
2019.08.30,12:00,10380,10392,10373,10390,969
2019.08.30,16:00,10391,10405,10384,10393,1385
2019.08.30,20:00,10392,10410,10392,10398,828
2019.09.02,00:00,10415,10436,10410,10423,1223
2019.09.02,04:00,10422,10423,10405,10412,608
2019.09.02,08:00,10411,10423,10402,10422,671
2019.09.02,12:00,10421,10424,10411,10421,610
2019.09.02,16:00,10420,10445,10420,10435,711
2019.09.02,20:00,10434,10438,10427,10427,895
2019.09.03,00:00,10427,10437,10424,10433,789
2019.09.03,04:00,10432,10445,10428,10436,901
2019.09.03,08:00,10437,10482,10434,10461,1360
2019.09.03,12:00,10462,10471,10441,10442,1114
2019.09.03,16:00,10443,10471,10432,10447,1810
2019.09.03,20:00,10446,10447,10428,10439,668
2019.09.04,00:00,10439,10450,10434,10443,720
2019.09.04,04:00,10442,10444,10420,10423,852
2019.09.04,08:00,10424,10427,10389,10392,1187
2019.09.04,12:00,10393,10394,10375,10382,935
2019.09.04,16:00,10381,10387,10354,10355,1325
2019.09.04,20:00,10354,10360,10333,10335,741
2019.09.05,00:00,10335,10344,10331,10339,1040
2019.09.05,04:00,10338,10340,10299,10321,1030
2019.09.05,08:00,10322,10340,10311,10312,1250
2019.09.05,12:00,10311,10317,10262,10270,1191
2019.09.05,16:00,10271,10275,10239,10271,1512
2019.09.05,20:00,10270,10277,10262,10269,685
2019.09.06,00:00,10268,10274,10259,10264,757
2019.09.06,04:00,10265,10269,10255,10266,787
2019.09.06,08:00,10267,10268,10250,10257,1015
2019.09.06,12:00,10256,10277,10250,10269,1280
2019.09.06,16:00,10268,10280,10261,10266,1271
2019.09.06,20:00,10267,10267,10260,10262,632
2019.09.09,00:00,10273,10273,10257,10265,781
2019.09.09,04:00,10266,10278,10258,10263,770
2019.09.09,08:00,10264,10271,10242,10244,821
2019.09.09,12:00,10243,10246,10228,10230,857
2019.09.09,16:00,10231,10236,10212,10227,1117
2019.09.09,20:00,10226,10228,10213,10215,614
2019.09.10,00:00,10214,10219,10199,10201,782
2019.09.10,04:00,10202,10211,10192,10205,676
2019.09.10,08:00,10204,10227,10196,10219,997
2019.09.10,12:00,10218,10219,10198,10210,910
2019.09.10,16:00,10209,10223,10191,10192,1440
2019.09.10,20:00,10193,10199,10183,10185,722
2019.09.11,00:00,10185,10188,10176,10179,1134
2019.09.11,04:00,10180,10188,10154,10158,718
2019.09.11,08:00,10159,10175,10148,10168,937
2019.09.11,12:00,10169,10179,10168,10175,774
2019.09.11,16:00,10176,10194,10172,10185,939
2019.09.11,20:00,10184,10186,10171,10172,446
2019.09.12,00:00,10173,10181,10148,10150,1010
2019.09.12,04:00,10151,10156,10135,10144,736
2019.09.12,08:00,10143,10167,10143,10164,908
2019.09.12,12:00,10163,10221,10158,10205,1528
2019.09.12,16:00,10204,10210,10128,10142,2508
2019.09.12,20:00,10141,10146,10127,10138,831
2019.09.13,00:00,10138,10144,10131,10132,1035
2019.09.13,04:00,10133,10138,10128,10135,477
2019.09.13,08:00,10134,10143,10124,10129,1132
2019.09.13,12:00,10128,10131,10116,10117,937
2019.09.13,16:00,10118,10136,10116,10120,1259
2019.09.13,20:00,10119,10125,10115,10117,709
2019.09.16,00:00,10168,10172,10132,10155,1545
2019.09.16,04:00,10154,10161,10140,10145,767
2019.09.16,08:00,10146,10159,10139,10158,1027
2019.09.16,12:00,10157,10171,10154,10157,1079
2019.09.16,16:00,10158,10167,10148,10157,1165
2019.09.16,20:00,10158,10158,10136,10137,655
2019.09.17,00:00,10138,10151,10133,10134,923
2019.09.17,04:00,10135,10152,10126,10141,770
2019.09.17,08:00,10142,10155,10140,10149,907
2019.09.17,12:00,10148,10152,10141,10141,684
2019.09.17,16:00,10142,10147,10119,10122,1375
2019.09.17,20:00,10123,10123,10110,10117,561
2019.09.18,00:00,10117,10122,10115,10118,755
2019.09.18,04:00,10119,10122,10112,10122,590
2019.09.18,08:00,10121,10138,10116,10136,786
2019.09.18,12:00,10135,10137,10125,10126,711
2019.09.18,16:00,10127,10133,10121,10128,776
2019.09.18,20:00,10127,10137,10110,10117,1457
2019.09.19,00:00,10116,10142,10114,10141,932
2019.09.19,04:00,10140,10189,10138,10177,1375
2019.09.19,08:00,10178,10181,10154,10158,1181
2019.09.19,12:00,10159,10174,10157,10158,955
2019.09.19,16:00,10159,10161,10149,10156,853
2019.09.19,20:00,10157,10157,10144,10149,812
2019.09.20,00:00,10150,10163,10146,10157,766
2019.09.20,04:00,10158,10164,10153,10160,699
2019.09.20,08:00,10159,10163,10148,10161,811
2019.09.20,12:00,10160,10177,10151,10175,791
2019.09.20,16:00,10176,10187,10171,10186,954
2019.09.20,20:00,10185,10219,10185,10215,1089
2019.09.23,00:00,10195,10209,10194,10202,718
2019.09.23,04:00,10201,10202,10193,10195,453
2019.09.23,08:00,10196,10257,10193,10249,1187
2019.09.23,12:00,10250,10251,10226,10231,758
2019.09.23,16:00,10230,10246,10228,10232,1039
2019.09.23,20:00,10231,10237,10223,10223,575
2019.09.24,00:00,10222,10228,10211,10214,752
2019.09.24,04:00,10213,10230,10211,10219,527
2019.09.24,08:00,10218,10226,10210,10212,836
2019.09.24,12:00,10213,10213,10187,10195,906
2019.09.24,16:00,10196,10245,10192,10243,1560
2019.09.24,20:00,10242,10251,10219,10239,1454
2019.09.25,00:00,10240,10258,10234,10250,973
2019.09.25,04:00,10251,10252,10219,10232,899
2019.09.25,08:00,10233,10249,10226,10241,908
2019.09.25,12:00,10242,10252,10237,10240,959
2019.09.25,16:00,10239,10254,10222,10229,1728
2019.09.25,20:00,10228,10233,10224,10231,809
2019.09.26,00:00,10231,10241,10226,10233,877
2019.09.26,04:00,10234,10237,10226,10226,624
2019.09.26,08:00,10227,10251,10227,10246,894
2019.09.26,12:00,10245,10254,10227,10239,889
2019.09.26,16:00,10240,10250,10228,10235,1486
2019.09.26,20:00,10234,10239,10222,10233,939
2019.09.27,00:00,10233,10254,10231,10240,905
2019.09.27,04:00,10241,10249,10238,10246,638
2019.09.27,08:00,10245,10246,10228,10228,924
2019.09.27,12:00,10229,10232,10202,10205,981
2019.09.27,16:00,10206,10227,10188,10226,1714
2019.09.27,20:00,10227,10233,10215,10217,1024
2019.09.30,00:00,10213,10227,10209,10224,634
2019.09.30,04:00,10223,10228,10212,10226,703
2019.09.30,08:00,10225,10239,10221,10221,1054
2019.09.30,12:00,10220,10229,10215,10224,905
2019.09.30,16:00,10225,10225,10208,10211,1235
2019.09.30,20:00,10212,10218,10208,10216,557
2019.10.01,00:00,10214,10220,10208,10212,493
2019.10.01,04:00,10211,10217,10190,10211,757
2019.10.01,08:00,10212,10225,10202,10209,1026
2019.10.01,12:00,10210,10227,10207,10225,1030
2019.10.01,16:00,10226,10272,10224,10251,1970
2019.10.01,20:00,10250,10263,10244,10248,890
2019.10.02,00:00,10247,10257,10247,10250,893
2019.10.02,04:00,10249,10254,10233,10241,693
2019.10.02,08:00,10240,10287,10236,10284,1101
2019.10.02,12:00,10285,10294,10275,10293,1200
2019.10.02,16:00,10292,10318,10279,10317,1554
2019.10.02,20:00,10316,10320,10305,10311,895
2019.10.03,00:00,10306,10330,10306,10324,1117
2019.10.03,04:00,10323,10324,10307,10309,699
2019.10.03,08:00,10308,10320,10299,10311,1145
2019.10.03,12:00,10312,10333,10307,10313,1135
2019.10.03,16:00,10314,10345,10304,10318,2120
2019.10.03,20:00,10317,10326,10310,10320,817
2019.10.04,00:00,10320,10327,10315,10323,941
2019.10.04,04:00,10322,10330,10316,10325,609
2019.10.04,08:00,10324,10333,10320,10326,865
2019.10.04,12:00,10327,10333,10296,10298,1127
2019.10.04,16:00,10301,10323,10300,10313,1540
2019.10.04,20:00,10314,10318,10307,10308,638
2019.10.07,00:00,10336,10336,10314,10326,863
2019.10.07,04:00,10325,10329,10318,10320,480
2019.10.07,08:00,10321,10334,10318,10333,821
2019.10.07,12:00,10334,10336,10311,10311,672
2019.10.07,16:00,10310,10314,10297,10299,888
2019.10.07,20:00,10300,10304,10272,10293,1038
2019.10.08,00:00,10292,10299,10284,10286,640
2019.10.08,04:00,10285,10291,10274,10274,636
2019.10.08,08:00,10275,10300,10268,10295,960
2019.10.08,12:00,10294,10344,10294,10329,1298
2019.10.08,16:00,10328,10343,10318,10323,1415
2019.10.08,20:00,10324,10339,10313,10326,1251
2019.10.09,00:00,10326,10339,10325,10327,631
2019.10.09,04:00,10326,10327,10311,10318,509
2019.10.09,08:00,10317,10322,10287,10296,973
2019.10.09,12:00,10295,10302,10279,10294,1166
2019.10.09,16:00,10295,10300,10283,10283,1015
2019.10.09,20:00,10282,10297,10279,10293,802
2019.10.10,00:00,10293,10335,10287,10309,1820
2019.10.10,04:00,10308,10311,10250,10277,1237
2019.10.10,08:00,10278,10284,10265,10276,1122
2019.10.10,12:00,10275,10278,10253,10256,1051
2019.10.10,16:00,10257,10264,10194,10198,1841
2019.10.10,20:00,10197,10207,10184,10186,1221
2019.10.11,00:00,10186,10201,10174,10181,1374
2019.10.11,04:00,10182,10188,10177,10182,612
2019.10.11,08:00,10181,10184,10166,10166,1211
2019.10.11,12:00,10167,10170,10088,10095,1821
2019.10.11,16:00,10094,10098,10055,10078,2070
2019.10.11,20:00,10079,10097,10061,10088,1380
2019.10.14,00:00,10098,10117,10079,10111,980
2019.10.14,04:00,10112,10126,10100,10108,762
2019.10.14,08:00,10109,10135,10106,10123,1016
2019.10.14,12:00,10122,10150,10120,10131,1054
2019.10.14,16:00,10132,10132,10107,10115,1139
2019.10.14,20:00,10114,10121,10107,10107,462
2019.10.15,00:00,10104,10118,10100,10110,736
2019.10.15,04:00,10111,10118,10094,10109,760
2019.10.15,08:00,10110,10118,10095,10108,1234
2019.10.15,12:00,10108,10130,10107,10113,1231
2019.10.15,16:00,10114,10116,10031,10042,1962
2019.10.15,20:00,10043,10045,10035,10037,711
2019.10.16,00:00,10036,10070,10035,10060,1014
2019.10.16,04:00,10058,10076,10058,10069,830
2019.10.16,08:00,10068,10085,10047,10062,1459
2019.10.16,12:00,10063,10084,10040,10064,1806
2019.10.16,16:00,10063,10069,10021,10032,1504
2019.10.16,20:00,10031,10041,10025,10029,677
2019.10.17,00:00,10029,10043,10022,10027,892
2019.10.17,04:00,10026,10029,10017,10028,683
2019.10.17,08:00,10029,10041,10002,10010,1137
2019.10.17,12:00,10009,10025,9951,10006,2229
2019.10.17,16:00,10007,10016,9997,10012,1481
2019.10.17,20:00,10011,10014,9990,9991,599
2019.10.18,00:00,9989,10007,9989,9993,839
2019.10.18,04:00,9992,10009,9989,10006,798
2019.10.18,08:00,10005,10012,9981,9983,973
2019.10.18,12:00,9984,9996,9982,9993,912
2019.10.18,16:00,9994,10010,9992,9994,1426
2019.10.18,20:00,9993,9993,9982,9984,858
2019.10.21,00:00,9984,10016,9984,9987,1078
2019.10.21,04:00,9988,9992,9982,9985,592
2019.10.21,08:00,9984,9995,9947,9958,1215
2019.10.21,12:00,9957,9965,9954,9963,779
2019.10.21,16:00,9964,9973,9961,9962,1142
2019.10.21,20:00,9963,9969,9957,9961,430
2019.10.22,00:00,9960,9967,9946,9950,667
2019.10.22,04:00,9949,9961,9941,9952,504
2019.10.22,08:00,9951,9983,9948,9972,825
2019.10.22,12:00,9971,9991,9965,9989,866
2019.10.22,16:00,9990,9990,9964,9968,1015
2019.10.22,20:00,9969,10003,9959,9995,1255
2019.10.23,00:00,9995,10020,9988,10004,1010
2019.10.23,04:00,10003,10027,10002,10016,708
2019.10.23,08:00,10017,10022,10003,10014,1098
2019.10.23,12:00,10015,10017,9990,9992,1038
2019.10.23,16:00,9993,9999,9977,9978,978
2019.10.23,20:00,9979,9980,9965,9965,520
2019.10.24,00:00,9965,9979,9965,9974,813
2019.10.24,04:00,9975,9979,9968,9978,586
2019.10.24,08:00,9979,9986,9955,9979,1184
2019.10.24,12:00,9978,9988,9970,9972,855
2019.10.24,16:00,9971,10015,9971,10002,1338
2019.10.24,20:00,10003,10008,9993,9997,469
2019.10.25,00:00,9997,10003,9991,9996,855
2019.10.25,04:00,9995,10001,9992,9997,443
2019.10.25,08:00,9996,9997,9985,9996,780
2019.10.25,12:00,9997,10012,9990,10007,737
2019.10.25,16:00,10008,10010,9987,9994,1057
2019.10.25,20:00,9995,10001,9992,9997,507
2019.10.28,00:00,9990,9998,9988,9991,514
2019.10.28,04:00,9990,9998,9990,9995,394
2019.10.28,08:00,9996,9999,9985,9994,654
2019.10.28,12:00,9993,9996,9974,9978,757
2019.10.28,16:00,9979,9981,9952,9956,992
2019.10.28,20:00,9957,9961,9953,9956,449
2019.10.29,00:00,9957,9959,9946,9953,591
2019.10.29,04:00,9954,9961,9951,9952,430
2019.10.29,08:00,9953,9971,9950,9970,586
2019.10.29,12:00,9969,9976,9956,9958,834
2019.10.29,16:00,9957,9964,9946,9955,1095
2019.10.29,20:00,9954,9967,9954,9957,539
2019.10.30,00:00,9956,9971,9956,9962,610
2019.10.30,04:00,9963,9968,9959,9964,520
2019.10.30,08:00,9963,9966,9951,9957,655
2019.10.30,12:00,9958,9961,9952,9956,752
2019.10.30,16:00,9955,9976,9953,9968,965
2019.10.30,20:00,9969,9975,9947,9949,1286
2019.10.31,00:00,9950,9959,9945,9947,774
2019.10.31,04:00,9948,9963,9946,9954,834
2019.10.31,08:00,9955,9965,9951,9957,714
2019.10.31,12:00,9956,10014,9955,9998,1408
2019.10.31,16:00,9999,10026,9988,10026,1480
2019.10.31,20:00,10027,10036,10021,10021,671
2019.11.01,00:00,10021,10030,10019,10029,633
2019.11.01,04:00,10030,10033,10008,10014,687
2019.11.01,08:00,10015,10020,10011,10015,635
2019.11.01,12:00,10016,10027,10007,10019,934
2019.11.01,16:00,10018,10025,9993,9995,1261
2019.11.01,20:00,9996,10000,9986,9999,615
2019.11.04,00:00,9995,9999,9990,9994,557
2019.11.04,04:00,9995,9995,9988,9990,218
2019.11.04,08:00,9991,9991,9978,9984,743
2019.11.04,12:00,9985,9989,9978,9983,701
2019.11.04,16:00,9982,9985,9972,9975,812
2019.11.04,20:00,9976,9987,9974,9986,509
2019.11.05,00:00,9986,9990,9967,9972,1081
2019.11.05,04:00,9971,9975,9959,9963,725
2019.11.05,08:00,9962,9964,9940,9941,881
2019.11.05,12:00,9942,9954,9938,9948,796
2019.11.05,16:00,9949,9961,9939,9947,1175
2019.11.05,20:00,9946,9947,9935,9940,551
2019.11.06,00:00,9939,9956,9934,9948,839
2019.11.06,04:00,9949,9953,9947,9948,396
2019.11.06,08:00,9947,9967,9943,9954,868
2019.11.06,12:00,9955,9957,9948,9954,600
2019.11.06,16:00,9955,9983,9951,9980,1053
2019.11.06,20:00,9979,9985,9966,9969,563
2019.11.07,00:00,9969,9997,9968,9992,719
2019.11.07,04:00,9993,10011,9992,9997,631
2019.11.07,08:00,9998,10002,9946,9949,1319
2019.11.07,12:00,9948,9957,9932,9956,1234
2019.11.07,16:00,9957,9957,9926,9928,948
2019.11.07,20:00,9929,9956,9925,9944,927
2019.11.08,00:00,9944,9956,9932,9956,964
2019.11.08,04:00,9957,9965,9952,9954,662
2019.11.08,08:00,9955,9957,9948,9955,778
2019.11.08,12:00,9954,9965,9944,9961,933
2019.11.08,16:00,9962,9993,9960,9987,1129
2019.11.08,20:00,9988,9990,9978,9979,386
2019.11.11,00:00,9973,9994,9973,9989,653
2019.11.11,04:00,9990,10002,9990,9996,383
2019.11.11,08:00,9997,10009,9994,9998,821
2019.11.11,12:00,9997,10000,9986,9988,669
2019.11.11,16:00,9987,9988,9974,9984,626
2019.11.11,20:00,9983,9988,9983,9985,303
2019.11.12,00:00,9984,9992,9973,9982,842
2019.11.12,04:00,9983,9987,9970,9970,506
2019.11.12,08:00,9971,9987,9960,9984,960
2019.11.12,12:00,9982,9989,9979,9983,770
2019.11.12,16:00,9984,9993,9980,9987,874
2019.11.12,20:00,9986,10004,9985,9997,648
2019.11.13,00:00,9998,10014,9995,10004,935
2019.11.13,04:00,10005,10007,9990,9990,534
2019.11.13,08:00,9991,10017,9988,10015,862
2019.11.13,12:00,10016,10031,10010,10027,840
2019.11.13,16:00,10028,10038,10018,10020,916
2019.11.13,20:00,10021,10037,10017,10018,657
2019.11.14,00:00,10017,10039,10017,10028,776
2019.11.14,04:00,10029,10052,10029,10043,730
2019.11.14,08:00,10044,10056,10034,10055,1083
2019.11.14,12:00,10054,10064,10043,10061,781
2019.11.14,16:00,10060,10083,10053,10073,1008
2019.11.14,20:00,10072,10081,10061,10061,482
2019.11.15,00:00,10061,10066,10037,10043,806
2019.11.15,04:00,10044,10046,10037,10043,418
2019.11.15,08:00,10044,10054,10038,10039,684
2019.11.15,12:00,10038,10046,10024,10027,801
2019.11.15,16:00,10028,10028,10004,10009,898
2019.11.15,20:00,10010,10012,10003,10006,341
2019.11.18,00:00,10004,10014,9998,9998,353
2019.11.18,04:00,9999,10003,9996,10001,451
2019.11.18,08:00,10000,10001,9976,9977,831
2019.11.18,12:00,9976,10012,9968,10002,836
2019.11.18,16:00,10003,10020,10003,10007,960
2019.11.18,20:00,10006,10012,10005,10005,368
2019.11.19,00:00,10004,10036,10000,10020,1051
2019.11.19,04:00,10021,10024,10008,10012,495
2019.11.19,08:00,10013,10014,9995,9996,780
2019.11.19,12:00,9995,10006,9991,9999,701
2019.11.19,16:00,9998,10027,9996,10023,1035
2019.11.19,20:00,10024,10032,10024,10026,492
2019.11.20,00:00,10025,10054,10022,10044,1046
2019.11.20,04:00,10045,10047,10033,10036,504
2019.11.20,08:00,10037,10061,10031,10051,935
2019.11.20,12:00,10052,10056,10038,10040,725
2019.11.20,16:00,10041,10056,10017,10047,1169
2019.11.20,20:00,10046,10057,10032,10033,1080
2019.11.21,00:00,10031,10069,10030,10065,1214
2019.11.21,04:00,10066,10066,10034,10037,891
2019.11.21,08:00,10038,10047,10027,10035,1013
2019.11.21,12:00,10036,10037,10013,10035,1041
2019.11.21,16:00,10036,10044,10021,10038,1170
2019.11.21,20:00,10039,10044,10035,10036,501
2019.11.22,00:00,10035,10041,10025,10028,826
2019.11.22,04:00,10027,10038,10027,10037,401
2019.11.22,08:00,10036,10052,10019,10050,1039
2019.11.22,12:00,10051,10060,10041,10044,830
2019.11.22,16:00,10043,10061,10043,10056,1005
2019.11.22,20:00,10057,10062,10055,10059,443
2019.11.25,00:00,10045,10053,10035,10039,818
2019.11.25,04:00,10040,10044,10029,10029,390
2019.11.25,08:00,10030,10035,10023,10030,641
2019.11.25,12:00,10031,10039,10027,10029,576
2019.11.25,16:00,10030,10038,10026,10028,766
2019.11.25,20:00,10027,10029,10022,10023,410
2019.11.26,00:00,10023,10026,9997,10011,1012
2019.11.26,04:00,10012,10026,10011,10022,586
2019.11.26,08:00,10021,10036,10019,10029,900
2019.11.26,12:00,10030,10033,10023,10028,681
2019.11.26,16:00,10029,10031,10008,10010,1010
2019.11.26,20:00,10009,10014,10007,10009,398
2019.11.27,00:00,10009,10013,10004,10007,786
2019.11.27,04:00,10008,10014,10007,10011,434
2019.11.27,08:00,10012,10013,10002,10002,583
2019.11.27,12:00,10003,10006,9993,9995,705
2019.11.27,16:00,9994,9998,9981,9982,804
2019.11.27,20:00,9981,9982,9961,9965,561
2019.11.28,00:00,9965,9986,9957,9974,1067
2019.11.28,04:00,9973,9979,9970,9976,321
2019.11.28,08:00,9975,9983,9968,9977,609
2019.11.28,12:00,9976,9978,9971,9971,514
2019.11.28,16:00,9970,9975,9967,9972,375
2019.11.28,20:00,9973,9973,9968,9969,925
2019.11.29,00:00,9968,9977,9963,9975,624
2019.11.29,04:00,9974,9977,9971,9971,368
2019.11.29,08:00,9972,9973,9965,9969,564
2019.11.29,12:00,9968,9974,9965,9970,645
2019.11.29,16:00,9969,9977,9964,9977,816
2019.11.29,20:00,9976,9976,9963,9964,861
2019.12.02,00:00,9963,9972,9948,9951,824
2019.12.02,04:00,9952,9957,9946,9955,290
2019.12.02,08:00,9956,9961,9946,9953,730
2019.12.02,12:00,9954,9968,9953,9957,614
2019.12.02,16:00,9956,9991,9946,9988,1481
2019.12.02,20:00,9987,9994,9984,9991,491
2019.12.03,00:00,9991,9994,9978,9984,827
2019.12.03,04:00,9985,9986,9963,9966,494
2019.12.03,08:00,9967,9976,9957,9963,698
2019.12.03,12:00,9964,10006,9959,10004,1136
2019.12.03,16:00,10003,10019,9997,10012,1516
2019.12.03,20:00,10011,10013,10003,10004,464
2019.12.04,00:00,10004,10023,9998,10014,888
2019.12.04,04:00,10013,10020,10009,10014,442
2019.12.04,08:00,10015,10034,9985,9990,1191
2019.12.04,12:00,9989,9999,9978,9980,990
2019.12.04,16:00,9981,9982,9951,9952,1255
2019.12.04,20:00,9951,9953,9945,9951,383
2019.12.05,00:00,9951,9957,9943,9949,894
2019.12.05,04:00,9950,9957,9942,9957,412
2019.12.05,08:00,9956,9957,9936,9938,805
2019.12.05,12:00,9937,9953,9934,9945,701
2019.12.05,16:00,9946,9962,9938,9954,949
2019.12.05,20:00,9953,9958,9943,9948,543
2019.12.06,00:00,9947,9958,9946,9952,680
2019.12.06,04:00,9953,9957,9949,9955,337
2019.12.06,08:00,9956,9967,9946,9965,749
2019.12.06,12:00,9964,9972,9954,9959,882
2019.12.06,16:00,9958,9992,9957,9985,1099
2019.12.06,20:00,9984,9992,9983,9985,432
2019.12.09,00:00,9980,9992,9980,9989,639
2019.12.09,04:00,9988,9991,9985,9988,325
2019.12.09,08:00,9987,10000,9980,9995,619
2019.12.09,12:00,9996,9998,9990,9994,565
2019.12.09,16:00,9995,9995,9974,9976,664
2019.12.09,20:00,9977,9990,9975,9989,436
2019.12.10,00:00,9988,9989,9977,9978,709
2019.12.10,04:00,9977,9982,9973,9980,318
2019.12.10,08:00,9981,9990,9975,9984,599
2019.12.10,12:00,9985,9990,9966,9980,884
2019.12.10,16:00,9979,9986,9962,9965,979
2019.12.10,20:00,9964,9970,9957,9970,426
2019.12.11,00:00,9969,9981,9963,9971,1022
2019.12.11,04:00,9972,9975,9966,9967,324
2019.12.11,08:00,9966,9978,9965,9972,649
2019.12.11,12:00,9971,9973,9958,9960,585
2019.12.11,16:00,9959,9963,9946,9947,699
2019.12.11,20:00,9948,9948,9938,9944,742
2019.12.12,00:00,9943,9951,9935,9935,704
2019.12.12,04:00,9936,9938,9929,9934,337
2019.12.12,08:00,9935,9936,9926,9933,570
2019.12.12,12:00,9932,9949,9930,9943,917
2019.12.12,16:00,9944,9946,9882,9893,1758
2019.12.12,20:00,9892,9901,9863,9868,1415
2019.12.13,00:00,9866,9866,9774,9781,2421
2019.12.13,04:00,9780,9788,9776,9783,686
2019.12.13,08:00,9784,9798,9778,9787,1221
2019.12.13,12:00,9786,9815,9783,9810,1100
2019.12.13,16:00,9809,9870,9798,9861,2424
2019.12.13,20:00,9860,9862,9851,9851,567
2019.12.16,00:00,9848,9849,9838,9842,837
2019.12.16,04:00,9840,9842,9832,9835,424
2019.12.16,08:00,9836,9837,9822,9835,882
2019.12.16,12:00,9834,9835,9818,9820,577
2019.12.16,16:00,9821,9827,9807,9814,854
2019.12.16,20:00,9815,9823,9810,9821,395
2019.12.17,00:00,9820,9842,9815,9839,889
2019.12.17,04:00,9838,9844,9830,9833,368
2019.12.17,08:00,9832,9866,9832,9851,887
2019.12.17,12:00,9850,9866,9845,9865,803
2019.12.17,16:00,9864,9873,9852,9871,824
2019.12.17,20:00,9872,9877,9863,9869,438
2019.12.18,00:00,9869,9883,9862,9881,597
2019.12.18,04:00,9880,9889,9878,9878,471
2019.12.18,08:00,9879,9891,9875,9882,824
2019.12.18,12:00,9881,9883,9868,9869,690
2019.12.18,16:00,9870,9873,9861,9864,817
2019.12.18,20:00,9865,9870,9863,9869,366
2019.12.19,00:00,9868,9871,9853,9860,921
2019.12.19,04:00,9861,9862,9856,9857,357
2019.12.19,08:00,9858,9861,9849,9856,699
2019.12.19,12:00,9855,9891,9854,9888,961
2019.12.19,16:00,9889,9904,9885,9899,945
2019.12.19,20:00,9900,9902,9889,9889,417
2019.12.20,00:00,9889,9897,9883,9889,643
2019.12.20,04:00,9888,9896,9888,9892,351
2019.12.20,08:00,9891,9900,9884,9888,658
2019.12.20,12:00,9889,9904,9882,9895,615
2019.12.20,16:00,9894,9895,9879,9885,824
2019.12.20,20:00,9886,9894,9884,9891,529
2019.12.23,00:00,9888,9897,9880,9890,616
2019.12.23,04:00,9891,9895,9888,9891,389
2019.12.23,08:00,9892,9895,9887,9891,520
2019.12.23,12:00,9890,9911,9888,9906,598
2019.12.23,16:00,9907,9911,9899,9900,634
2019.12.23,20:00,9901,9903,9896,9896,433
2019.12.24,00:00,9896,9903,9894,9901,780
2019.12.24,04:00,9902,9904,9898,9899,350
2019.12.24,08:00,9900,9907,9899,9906,563
2019.12.24,12:00,9905,9908,9898,9901,674
2019.12.24,16:00,9900,9905,9894,9895,626
2019.12.24,20:00,9896,9905,9896,9900,319
2019.12.26,08:00,9873,9875,9871,9875,137
2019.12.26,12:00,9874,9881,9864,9866,277
2019.12.26,16:00,9867,9867,9847,9852,396
2019.12.26,20:00,9853,9854,9846,9851,328
2019.12.27,00:00,9853,9866,9851,9861,997
2019.12.27,04:00,9860,9863,9853,9853,578
2019.12.27,08:00,9854,9855,9835,9837,870
2019.12.27,12:00,9837,9838,9818,9824,1121
2019.12.27,16:00,9823,9830,9811,9818,1163
2019.12.27,20:00,9818,9829,9815,9816,860
2019.12.30,00:00,9817,9828,9817,9824,510
2019.12.30,04:00,9825,9843,9822,9835,520
2019.12.30,08:00,9836,9845,9835,9839,633
2019.12.30,12:00,9840,9842,9832,9833,654
2019.12.30,16:00,9832,9869,9832,9856,1012
2019.12.30,20:00,9855,9870,9854,9863,425
2019.12.31,00:00,9863,9874,9858,9872,636
2019.12.31,04:00,9873,9878,9869,9871,281
2019.12.31,08:00,9872,9877,9869,9869,532
2019.12.31,12:00,9870,9875,9854,9854,731
2019.12.31,16:00,9855,9863,9820,9839,1184
2019.12.31,20:00,9838,9840,9835,9840,104
2020.01.02,08:00,9845,9846,9831,9836,640
2020.01.02,12:00,9837,9864,9835,9859,741
2020.01.02,16:00,9860,9904,9857,9890,1224
2020.01.02,20:00,9891,9895,9879,9879,512
2020.01.03,00:00,9878,9922,9876,9920,772
2020.01.03,04:00,9919,9945,9915,9937,1220
2020.01.03,08:00,9938,9965,9933,9960,1220
2020.01.03,12:00,9959,9975,9939,9950,1129
2020.01.03,16:00,9951,9960,9937,9954,1233
2020.01.03,20:00,9953,9971,9947,9950,766
2020.01.06,00:00,9966,9984,9942,9964,1304
2020.01.06,04:00,9965,9966,9947,9954,575
2020.01.06,08:00,9955,9966,9938,9939,1148
2020.01.06,12:00,9938,9940,9923,9930,931
2020.01.06,16:00,9931,9943,9904,9908,986
2020.01.06,20:00,9907,9908,9896,9902,445
2020.01.07,00:00,9902,9905,9894,9898,778
2020.01.07,04:00,9899,9910,9891,9910,478
2020.01.07,08:00,9909,9931,9894,9909,1217
2020.01.07,12:00,9910,9940,9909,9939,1096
2020.01.07,16:00,9940,9953,9925,9930,1138
2020.01.07,20:00,9931,9950,9927,9936,519
2020.01.08,00:00,9935,10015,9930,9973,2668
2020.01.08,04:00,9974,9975,9925,9948,1584
2020.01.08,08:00,9947,9949,9922,9939,1414
2020.01.08,12:00,9940,9945,9914,9924,1424
2020.01.08,16:00,9923,9942,9886,9887,1466
2020.01.08,20:00,9888,9901,9878,9892,755
2020.01.09,00:00,9892,9901,9872,9874,1018
2020.01.09,04:00,9875,9884,9870,9871,489
2020.01.09,08:00,9870,9887,9864,9882,1155
2020.01.09,12:00,9881,9888,9869,9873,995
2020.01.09,16:00,9874,9881,9869,9875,923
2020.01.09,20:00,9876,9885,9865,9866,593
2020.01.10,00:00,9865,9873,9858,9867,849
2020.01.10,04:00,9866,9870,9850,9854,377
2020.01.10,08:00,9853,9865,9849,9853,607
2020.01.10,12:00,9854,9860,9840,9847,873
2020.01.10,16:00,9848,9861,9841,9852,1051
2020.01.10,20:00,9851,9858,9846,9853,433
2020.01.13,00:00,9852,9858,9843,9845,526
2020.01.13,04:00,9846,9847,9836,9838,295
2020.01.13,08:00,9837,9852,9824,9836,784
2020.01.13,12:00,9837,9840,9825,9830,743
2020.01.13,16:00,9831,9835,9816,9818,912
2020.01.13,20:00,9817,9824,9816,9821,405
2020.01.14,00:00,9820,9824,9794,9814,757
2020.01.14,04:00,9813,9819,9806,9813,425
2020.01.14,08:00,9812,9833,9801,9821,914
2020.01.14,12:00,9820,9827,9816,9823,922
2020.01.14,16:00,9822,9823,9800,9802,965
2020.01.14,20:00,9801,9825,9798,9813,771
2020.01.15,00:00,9813,9833,9812,9819,754
2020.01.15,04:00,9818,9826,9817,9818,426
2020.01.15,08:00,9819,9838,9814,9837,695
2020.01.15,12:00,9838,9839,9823,9833,691
2020.01.15,16:00,9834,9835,9803,9811,988
2020.01.15,20:00,9812,9821,9809,9812,504
2020.01.16,00:00,9812,9815,9797,9806,775
2020.01.16,04:00,9805,9809,9805,9806,314
2020.01.16,08:00,9807,9811,9787,9794,652
2020.01.16,12:00,9795,9797,9787,9794,655
2020.01.16,16:00,9795,9807,9783,9789,1044
2020.01.16,20:00,9788,9796,9784,9784,338
2020.01.17,00:00,9784,9795,9775,9788,552
2020.01.17,04:00,9786,9788,9780,9784,386
2020.01.17,08:00,9783,9792,9774,9787,710
2020.01.17,12:00,9786,9804,9783,9799,707
2020.01.17,16:00,9798,9817,9796,9814,919
2020.01.17,20:00,9815,9818,9812,9816,326
2020.01.20,00:00,9822,9822,9808,9812,581
2020.01.20,04:00,9811,9813,9809,9811,365
2020.01.20,08:00,9812,9827,9808,9820,585
2020.01.20,12:00,9821,9824,9817,9819,341
2020.01.20,16:00,9820,9826,9813,9815,360
2020.01.20,20:00,9816,9816,9809,9810,475
2020.01.21,00:00,9809,9844,9808,9839,662
2020.01.21,04:00,9838,9846,9828,9838,592
2020.01.21,08:00,9837,9848,9833,9836,941
2020.01.21,12:00,9835,9835,9809,9812,761
2020.01.21,16:00,9811,9842,9807,9839,850
2020.01.21,20:00,9838,9856,9835,9847,703
2020.01.22,00:00,9847,9856,9840,9851,753
2020.01.22,04:00,9850,9851,9831,9832,616
2020.01.22,08:00,9833,9845,9830,9835,714
2020.01.22,12:00,9834,9836,9814,9820,672
2020.01.22,16:00,9821,9851,9816,9848,1155
2020.01.22,20:00,9849,9849,9840,9843,376
2020.01.23,00:00,9842,9864,9839,9858,996
2020.01.23,04:00,9859,9875,9854,9873,589
2020.01.23,08:00,9872,9882,9858,9872,888
2020.01.23,12:00,9873,9875,9858,9873,805
2020.01.23,16:00,9874,9917,9868,9902,1372
2020.01.23,20:00,9903,9903,9882,9882,536
2020.01.24,00:00,9882,9891,9876,9888,722
2020.01.24,04:00,9889,9891,9878,9880,340
2020.01.24,08:00,9879,9890,9860,9888,895
2020.01.24,12:00,9889,9894,9881,9886,704
2020.01.24,16:00,9887,9932,9886,9920,1294
2020.01.24,20:00,9921,9937,9919,9925,908
2020.01.27,00:00,9957,9983,9949,9959,1557
2020.01.27,04:00,9960,9973,9949,9955,584
2020.01.27,08:00,9956,9985,9951,9978,1082
2020.01.27,12:00,9979,9987,9967,9971,1134
2020.01.27,16:00,9970,9994,9966,9978,1665
2020.01.27,20:00,9977,9993,9974,9990,731
2020.01.28,00:00,9991,10000,9976,9979,544
2020.01.28,04:00,9978,9987,9973,9975,514
2020.01.28,08:00,9976,10018,9975,10006,1107
2020.01.28,12:00,10007,10017,9982,9990,1127
2020.01.28,16:00,9991,10005,9975,9981,1200
2020.01.28,20:00,9982,9983,9963,9965,531
2020.01.29,00:00,9965,9974,9955,9964,1084
2020.01.29,04:00,9965,9969,9958,9967,436
2020.01.29,08:00,9968,9989,9966,9987,782
2020.01.29,12:00,9986,9989,9979,9986,645
2020.01.29,16:00,9985,9997,9980,9981,979
2020.01.29,20:00,9982,9992,9971,9989,864
2020.01.30,00:00,9989,10004,9982,9999,1191
2020.01.30,04:00,9998,10012,9998,10004,709
2020.01.30,08:00,10005,10025,10000,10008,1087
2020.01.30,12:00,10007,10016,9991,9997,1252
2020.01.30,16:00,9998,10031,9994,10027,1388
2020.01.30,20:00,10026,10029,9984,9988,1203
2020.01.31,00:00,9987,10004,9968,9983,998
2020.01.31,04:00,9982,9988,9974,9981,557
2020.01.31,08:00,9982,10003,9978,9999,821
2020.01.31,12:00,10000,10010,9991,9995,847
2020.01.31,16:00,9994,10036,9991,10025,1812
2020.01.31,20:00,10024,10040,10022,10029,1143
2020.02.03,00:00,10023,10041,10012,10016,1434
2020.02.03,04:00,10015,10029,10015,10020,704
2020.02.03,08:00,10021,10039,10007,10039,1089
2020.02.03,12:00,10040,10053,10035,10041,884
2020.02.03,16:00,10042,10064,10027,10048,1393
2020.02.03,20:00,10047,10055,10043,10044,635
2020.02.04,00:00,10044,10066,10043,10046,920
2020.02.04,04:00,10047,10057,10020,10026,884
2020.02.04,08:00,10027,10034,9994,10000,1186
2020.02.04,12:00,9999,10014,9986,9989,919
2020.02.04,16:00,9988,9993,9956,9959,1057
2020.02.04,20:00,9958,9959,9950,9952,509
2020.02.05,00:00,9951,9974,9951,9957,904
2020.02.05,04:00,9958,9969,9956,9966,437
2020.02.05,08:00,9967,9979,9921,9923,1406
2020.02.05,12:00,9924,9945,9923,9930,1137
2020.02.05,16:00,9931,9953,9929,9940,1363
2020.02.05,20:00,9941,9945,9934,9936,513
2020.02.06,00:00,9935,9941,9926,9935,903
2020.02.06,04:00,9934,9936,9920,9926,673
2020.02.06,08:00,9927,9944,9921,9939,859
2020.02.06,12:00,9940,9946,9927,9933,780
2020.02.06,16:00,9934,9949,9931,9941,1178
2020.02.06,20:00,9940,9945,9939,9939,377
2020.02.07,00:00,9939,9962,9937,9949,825
2020.02.07,04:00,9950,9954,9946,9953,474
2020.02.07,08:00,9952,9981,9941,9981,885
2020.02.07,12:00,9980,9992,9956,9983,1033
2020.02.07,16:00,9982,10003,9974,9986,1395
2020.02.07,20:00,9987,9996,9982,9992,623
2020.02.10,00:00,9998,10012,9982,9985,1135
2020.02.10,04:00,9986,9986,9969,9976,737
2020.02.10,08:00,9977,9990,9970,9984,1006
2020.02.10,12:00,9983,9992,9972,9991,792
2020.02.10,16:00,9990,10008,9984,10006,964
2020.02.10,20:00,10005,10005,9992,9992,372
2020.02.11,00:00,9992,9997,9976,9980,601
2020.02.11,04:00,9979,9983,9969,9970,354
2020.02.11,08:00,9969,9980,9965,9970,760
2020.02.11,12:00,9971,9987,9969,9980,726
2020.02.11,16:00,9981,9981,9953,9970,1072
2020.02.11,20:00,9971,9977,9967,9971,444
2020.02.12,00:00,9971,9972,9956,9956,837
2020.02.12,04:00,9957,9963,9952,9959,413
2020.02.12,08:00,9960,9965,9923,9938,862
2020.02.12,12:00,9937,9944,9932,9942,601
2020.02.12,16:00,9941,9944,9931,9939,903
2020.02.12,20:00,9940,9943,9936,9937,469
2020.02.13,00:00,9937,9975,9936,9953,1187
2020.02.13,04:00,9952,9970,9950,9969,550
2020.02.13,08:00,9968,9977,9961,9971,953
2020.02.13,12:00,9972,9984,9957,9963,1082
2020.02.13,16:00,9964,9970,9947,9963,1225
2020.02.13,20:00,9962,9966,9955,9962,589
2020.02.14,00:00,9961,9973,9957,9961,786
2020.02.14,04:00,9962,9968,9949,9963,474
2020.02.14,08:00,9964,9969,9955,9961,671
2020.02.14,12:00,9962,9970,9959,9963,717
2020.02.14,16:00,9964,9974,9958,9970,867
2020.02.14,20:00,9969,9973,9964,9966,470
2020.02.17,00:00,9965,9969,9954,9956,914
2020.02.17,04:00,9957,9959,9950,9952,412
2020.02.17,08:00,9951,9959,9949,9950,444
2020.02.17,12:00,9951,9960,9949,9958,416
2020.02.17,16:00,9959,9960,9952,9954,328
2020.02.17,20:00,9955,9963,9952,9960,415
2020.02.18,00:00,9960,9988,9958,9982,927
2020.02.18,04:00,9983,9995,9980,9983,496
2020.02.18,08:00,9982,9999,9977,9994,825
2020.02.18,12:00,9995,9998,9980,9987,796
2020.02.18,16:00,9988,9990,9966,9978,1020
2020.02.18,20:00,9977,9984,9975,9982,426
2020.02.19,00:00,9982,9983,9968,9970,679
2020.02.19,04:00,9969,9969,9952,9961,463
2020.02.19,08:00,9962,9967,9934,9938,847
2020.02.19,12:00,9939,9942,9897,9910,906
2020.02.19,16:00,9909,9911,9860,9870,1262
2020.02.19,20:00,9871,9871,9836,9851,703
2020.02.20,00:00,9850,9880,9850,9875,1340
2020.02.20,04:00,9874,9882,9859,9862,1033
2020.02.20,08:00,9863,9865,9813,9818,1367
2020.02.20,12:00,9819,9839,9809,9829,1378
2020.02.20,16:00,9830,9858,9800,9825,1777
2020.02.20,20:00,9826,9828,9814,9818,702
2020.02.21,00:00,9817,9834,9809,9827,1328
2020.02.21,04:00,9828,9841,9825,9832,678
2020.02.21,08:00,9831,9882,9829,9853,1421
2020.02.21,12:00,9852,9853,9818,9833,1020
2020.02.21,16:00,9832,9853,9811,9819,1603
2020.02.21,20:00,9820,9838,9815,9836,655
2020.02.24,00:00,9884,9885,9835,9850,1712
2020.02.24,04:00,9851,9869,9848,9861,615
2020.02.24,08:00,9860,9899,9856,9896,1671
2020.02.24,12:00,9895,9906,9881,9894,1254
2020.02.24,16:00,9895,9959,9894,9954,2122
2020.02.24,20:00,9955,9959,9928,9931,1177
2020.02.25,00:00,9930,9943,9899,9906,1685
2020.02.25,04:00,9907,9927,9904,9925,869
2020.02.25,08:00,9926,9959,9914,9958,1670
2020.02.25,12:00,9959,9966,9935,9943,1516
2020.02.25,16:00,9944,9983,9938,9977,2278
2020.02.25,20:00,9978,9990,9962,9962,1828
2020.02.26,00:00,9961,9975,9950,9965,1460
2020.02.26,04:00,9966,9970,9931,9953,1280
2020.02.26,08:00,9954,9987,9944,9973,2018
2020.02.26,12:00,9972,9973,9947,9967,1986
2020.02.26,16:00,9966,9989,9940,9976,1985
2020.02.26,20:00,9975,9999,9972,9983,1815
2020.02.27,00:00,9982,10000,9978,9988,1948
2020.02.27,04:00,9987,10012,9982,10007,1419
2020.02.27,08:00,10008,10016,9984,9988,2014
2020.02.27,12:00,9987,10023,9982,10013,1916
2020.02.27,16:00,10012,10020,9974,9985,2870
2020.02.27,20:00,9986,10045,9981,10040,1867
2020.02.28,00:00,10041,10073,10027,10067,2372
2020.02.28,04:00,10068,10135,10064,10129,2284
2020.02.28,08:00,10127,10150,10111,10135,2816
2020.02.28,12:00,10134,10182,10129,10175,2203
2020.02.28,16:00,10176,10273,10162,10221,3649
2020.02.28,20:00,10220,10251,10199,10205,2824
2020.03.02,00:00,10279,10280,10192,10209,2822
2020.03.02,04:00,10210,10220,10153,10172,1894
2020.03.02,08:00,10171,10215,10132,10206,2686
2020.03.02,12:00,10205,10243,10196,10218,2653
2020.03.02,16:00,10217,10239,10170,10193,3215
2020.03.02,20:00,10192,10202,10145,10150,1846
2020.03.03,00:00,10151,10193,10128,10185,1693
2020.03.03,04:00,10184,10205,10171,10201,1768
2020.03.03,08:00,10202,10206,10169,10181,1959
2020.03.03,12:00,10180,10213,10174,10199,2222
2020.03.03,16:00,10198,10238,10158,10217,4223
2020.03.03,20:00,10218,10251,10216,10242,2629
2020.03.04,00:00,10241,10265,10193,10221,2415
2020.03.04,04:00,10222,10230,10201,10213,1114
2020.03.04,08:00,10212,10221,10188,10212,1831
2020.03.04,12:00,10211,10212,10185,10205,1669
2020.03.04,16:00,10204,10244,10204,10216,2521
2020.03.04,20:00,10215,10218,10190,10190,1179
2020.03.05,00:00,10189,10214,10171,10204,1323
2020.03.05,04:00,10205,10220,10201,10206,745
2020.03.05,08:00,10205,10239,10205,10231,1520
2020.03.05,12:00,10230,10254,10228,10251,1682
2020.03.05,16:00,10252,10301,10241,10298,2095
2020.03.05,20:00,10297,10315,10277,10292,1776
2020.03.06,00:00,10292,10313,10276,10308,1453
2020.03.06,04:00,10309,10334,10304,10330,1280
2020.03.06,08:00,10331,10365,10301,10361,2015
2020.03.06,12:00,10362,10372,10327,10348,3259
2020.03.06,16:00,10350,10363,10313,10332,3466
2020.03.06,20:00,10333,10355,10321,10336,2238
2020.03.09,00:00,10450,10509,10422,10469,4602
2020.03.09,04:00,10468,10756,10462,10608,6500
2020.03.09,08:00,10609,10670,10597,10610,5305
2020.03.09,12:00,10610,10650,10580,10623,3924
2020.03.09,16:00,10622,10719,10566,10625,5802
2020.03.09,20:00,10626,10652,10601,10627,4519
2020.03.10,00:00,10626,10659,10533,10550,3933
2020.03.10,04:00,10549,10578,10468,10477,3943
2020.03.10,08:00,10476,10523,10408,10459,5217
2020.03.10,12:00,10460,10520,10400,10488,3538
2020.03.10,16:00,10487,10612,10452,10554,4833
2020.03.10,20:00,10553,10559,10392,10414,4030
2020.03.11,00:00,10414,10492,10411,10481,2968
2020.03.11,04:00,10480,10511,10462,10508,2397
2020.03.11,08:00,10510,10541,10423,10432,3532
2020.03.11,12:00,10431,10514,10419,10509,3108
2020.03.11,16:00,10508,10516,10463,10489,3546
2020.03.11,20:00,10491,10566,10488,10541,3080
2020.03.12,00:00,10541,10561,10523,10542,2244
2020.03.12,04:00,10541,10673,10531,10595,5240
2020.03.12,08:00,10596,10652,10588,10634,3378
2020.03.12,12:00,10633,10688,10618,10669,3642
2020.03.12,16:00,10669,10673,10552,10562,7256
2020.03.12,20:00,10563,10684,10478,10676,6385
2020.03.13,00:00,10676,10678,10629,10633,4052
2020.03.13,04:00,10634,10665,10554,10563,5183
2020.03.13,08:00,10564,10594,10502,10532,5452
2020.03.13,12:00,10533,10542,10414,10444,4207
2020.03.13,16:00,10443,10544,10439,10476,6150
2020.03.13,20:00,10475,10513,10381,10420,5921
2020.03.16,00:00,10548,10614,10446,10530,5278
2020.03.16,04:00,10527,10560,10483,10536,4901
2020.03.16,08:00,10537,10596,10518,10587,5416
2020.03.16,12:00,10586,10709,10582,10701,4775
2020.03.16,16:00,10700,10723,10584,10670,6617
2020.03.16,20:00,10671,10681,10608,10653,4636
2020.03.17,00:00,10647,10661,10591,10599,3582
2020.03.17,04:00,10598,10631,10535,10591,6077
2020.03.17,08:00,10591,10643,10574,10614,5349
2020.03.17,12:00,10615,10689,10612,10662,4895
2020.03.17,16:00,10662,10697,10625,10653,5094
2020.03.17,20:00,10654,10669,10603,10622,3405
2020.03.18,00:00,10620,10663,10612,10646,3931
2020.03.18,04:00,10645,10663,10633,10640,4092
2020.03.18,08:00,10639,10695,10634,10674,4520
2020.03.18,12:00,10674,10735,10670,10726,4790
2020.03.18,16:00,10725,10807,10707,10789,6162
2020.03.18,20:00,10788,10835,10743,10774,6499
2020.03.19,00:00,10794,10795,10714,10745,4130
2020.03.19,04:00,10745,10835,10737,10785,6471
2020.03.19,08:00,10786,10807,10715,10745,6495
2020.03.19,12:00,10746,10753,10658,10660,6220
2020.03.19,16:00,10659,10662,10560,10611,7973
2020.03.19,20:00,10611,10639,10591,10620,6253
2020.03.20,00:00,10619,10648,10545,10567,3989
2020.03.20,04:00,10566,10614,10554,10596,5069
2020.03.20,08:00,10597,10609,10505,10506,5470
2020.03.20,12:00,10506,10561,10506,10535,5993
2020.03.20,16:00,10535,10536,10454,10487,6905
2020.03.20,20:00,10487,10556,10479,10546,5322
2020.03.23,00:00,10541,10629,10540,10619,4221
2020.03.23,04:00,10617,10639,10604,10625,4501
2020.03.23,08:00,10624,10649,10604,10628,5100
2020.03.23,12:00,10627,10630,10575,10583,5537
2020.03.23,16:00,10584,10587,10534,10555,6365
2020.03.23,20:00,10554,10565,10517,10532,4899
2020.03.24,00:00,10531,10557,10528,10553,3336
2020.03.24,04:00,10553,10563,10527,10556,4349
2020.03.24,08:00,10556,10571,10488,10499,4672
2020.03.24,12:00,10499,10513,10475,10504,5074
2020.03.24,16:00,10503,10508,10424,10439,5435
2020.03.24,20:00,10438,10467,10433,10446,3318
2020.03.25,00:00,10445,10474,10419,10463,2633
2020.03.25,04:00,10462,10474,10401,10402,3826
2020.03.25,08:00,10401,10409,10336,10353,5131
2020.03.25,12:00,10352,10411,10335,10389,5217
2020.03.25,16:00,10389,10428,10369,10383,5063
2020.03.25,20:00,10383,10406,10366,10372,3959
2020.03.26,00:00,10373,10446,10367,10432,3328
2020.03.26,04:00,10433,10471,10419,10430,4175
2020.03.26,08:00,10429,10465,10420,10456,4302
2020.03.26,12:00,10457,10475,10431,10448,5691
2020.03.26,16:00,10447,10457,10389,10399,6187
2020.03.26,20:00,10398,10429,10380,10380,4377
2020.03.27,00:00,10386,10452,10386,10440,3009
2020.03.27,04:00,10441,10488,10437,10467,4524
2020.03.27,08:00,10468,10474,10442,10459,4700
2020.03.27,12:00,10459,10481,10445,10479,4954
2020.03.27,16:00,10478,10522,10450,10463,5796
2020.03.27,20:00,10463,10473,10415,10430,4259
2020.03.30,00:00,10428,10503,10428,10496,3251
2020.03.30,04:00,10497,10542,10492,10498,3611
2020.03.30,08:00,10499,10502,10456,10498,4911
2020.03.30,12:00,10497,10511,10465,10472,3594
2020.03.30,16:00,10471,10512,10466,10493,4381
2020.03.30,20:00,10494,10501,10480,10489,2689
2020.03.31,00:00,10490,10500,10447,10459,2788
2020.03.31,04:00,10455,10479,10438,10474,4382
2020.03.31,08:00,10473,10480,10456,10470,3967
2020.03.31,12:00,10469,10498,10468,10486,3245
2020.03.31,16:00,10487,10536,10482,10534,4754
2020.03.31,20:00,10535,10550,10502,10512,3818
2020.04.01,00:00,10504,10542,10503,10520,2650
2020.04.01,04:00,10519,10528,10502,10514,3552
2020.04.01,08:00,10513,10580,10509,10576,4477
2020.04.01,12:00,10575,10603,10569,10601,2827
2020.04.01,16:00,10600,10619,10553,10612,3299
2020.04.01,20:00,10611,10625,10594,10600,2775
2020.04.02,00:00,10599,10609,10571,10576,2429
2020.04.02,04:00,10577,10582,10565,10569,2695
2020.04.02,08:00,10569,10585,10558,10573,2985
2020.04.02,12:00,10572,10625,10556,10624,2304
2020.04.02,16:00,10623,10650,10537,10556,5248
2020.04.02,20:00,10555,10583,10546,10547,3163
2020.04.03,00:00,10547,10557,10523,10544,2350
2020.04.03,04:00,10544,10563,10541,10547,2278
2020.04.03,08:00,10546,10566,10543,10557,2331
2020.04.03,12:00,10556,10566,10542,10544,2689
2020.04.03,16:00,10545,10562,10531,10555,2981
2020.04.03,20:00,10554,10569,10546,10555,2431
2020.04.06,00:00,10554,10568,10490,10506,3154
2020.04.06,04:00,10507,10527,10496,10513,3270
2020.04.06,08:00,10512,10518,10442,10459,3158
2020.04.06,12:00,10458,10493,10444,10471,2090
2020.04.06,16:00,10470,10487,10450,10461,2145
2020.04.06,20:00,10460,10472,10454,10458,1742
2020.04.07,00:00,10456,10484,10451,10473,2562
2020.04.07,04:00,10473,10484,10458,10461,2905
2020.04.07,08:00,10462,10467,10411,10428,2581
2020.04.07,12:00,10427,10428,10380,10387,1976
2020.04.07,16:00,10388,10428,10376,10405,2520
2020.04.07,20:00,10404,10424,10396,10424,1838
2020.04.08,00:00,10424,10468,10419,10461,2266
2020.04.08,04:00,10462,10464,10429,10438,2769
2020.04.08,08:00,10438,10461,10426,10443,2600
2020.04.08,12:00,10442,10447,10406,10410,1620
2020.04.08,16:00,10409,10436,10390,10419,2394
2020.04.08,20:00,10418,10423,10398,10400,1544
2020.04.09,00:00,10400,10402,10371,10375,1405
2020.04.09,04:00,10376,10401,10375,10391,1804
2020.04.09,08:00,10390,10415,10384,10399,1470
2020.04.09,12:00,10400,10411,10370,10373,1656
2020.04.09,16:00,10372,10396,10351,10391,2837
2020.04.09,20:00,10392,10400,10367,10367,2373
2020.04.10,00:00,10373,10390,10365,10378,1194
2020.04.10,04:00,10379,10382,10369,10371,1512
2020.04.10,08:00,10371,10379,10363,10371,1245
2020.04.10,12:00,10370,10373,10363,10365,1018
2020.04.10,16:00,10366,10373,10365,10372,1180
2020.04.10,20:00,10371,10374,10366,10367,1168
2020.04.13,00:00,10361,10396,10353,10395,1815
2020.04.13,04:00,10394,10422,10392,10419,1413
2020.04.13,08:00,10418,10422,10401,10409,1423
2020.04.13,12:00,10408,10417,10403,10414,1491
2020.04.13,16:00,10413,10436,10410,10428,1827
2020.04.13,20:00,10429,10432,10401,10408,1067
2020.04.14,00:00,10408,10420,10404,10413,963
2020.04.14,04:00,10414,10418,10378,10387,1173
2020.04.14,08:00,10388,10415,10383,10414,1316
2020.04.14,12:00,10413,10435,10413,10418,1319
2020.04.14,16:00,10417,10443,10414,10436,1542
2020.04.14,20:00,10437,10440,10406,10408,996
2020.04.15,00:00,10407,10440,10407,10421,885
2020.04.15,04:00,10422,10440,10416,10439,837
2020.04.15,08:00,10440,10481,10436,10462,1345
2020.04.15,12:00,10463,10507,10461,10502,1505
2020.04.15,16:00,10503,10504,10464,10477,2147
2020.04.15,20:00,10478,10485,10464,10482,1231
2020.04.16,00:00,10483,10490,10459,10479,881
2020.04.16,04:00,10478,10480,10457,10464,1215
2020.04.16,08:00,10463,10475,10459,10471,1451
2020.04.16,12:00,10470,10488,10468,10479,1494
2020.04.16,16:00,10480,10515,10477,10501,2060
2020.04.16,20:00,10502,10507,10456,10456,1175
2020.04.17,00:00,10457,10460,10417,10439,2737
2020.04.17,04:00,10438,10454,10434,10444,1242
2020.04.17,08:00,10443,10482,10441,10476,1465
2020.04.17,12:00,10475,10482,10455,10476,1492
2020.04.17,16:00,10477,10486,10455,10461,1676
2020.04.17,20:00,10462,10467,10452,10454,1102
2020.04.20,00:00,10455,10469,10441,10446,1074
2020.04.20,04:00,10445,10458,10443,10446,855
2020.04.20,08:00,10447,10460,10446,10452,1126
2020.04.20,12:00,10451,10468,10445,10464,1094
2020.04.20,16:00,10465,10467,10440,10462,1448
2020.04.20,20:00,10463,10491,10456,10488,1040
2020.04.21,00:00,10487,10496,10470,10481,995
2020.04.21,04:00,10480,10529,10478,10520,1392
2020.04.21,08:00,10521,10548,10511,10542,1448
2020.04.21,12:00,10541,10568,10538,10558,1628
2020.04.21,16:00,10559,10563,10504,10528,2174
2020.04.21,20:00,10529,10531,10506,10517,1238
2020.04.22,00:00,10517,10529,10512,10515,865
2020.04.22,04:00,10514,10544,10497,10539,1150
2020.04.22,08:00,10540,10540,10500,10507,1472
2020.04.22,12:00,10506,10507,10487,10490,1260
2020.04.22,16:00,10491,10512,10482,10509,1424
2020.04.22,20:00,10510,10520,10504,10504,710
2020.04.23,00:00,10501,10521,10498,10519,1028
2020.04.23,04:00,10518,10521,10504,10506,823
2020.04.23,08:00,10507,10528,10474,10513,1491
2020.04.23,12:00,10514,10529,10507,10517,1347
2020.04.23,16:00,10516,10523,10450,10493,2330
2020.04.23,20:00,10492,10522,10485,10498,1432
2020.04.24,00:00,10498,10504,10486,10495,1349
2020.04.24,04:00,10496,10509,10491,10502,981
2020.04.24,08:00,10501,10519,10501,10508,1206
2020.04.24,12:00,10507,10508,10482,10489,1105
2020.04.24,16:00,10490,10519,10488,10516,1442
2020.04.24,20:00,10517,10522,10497,10498,972
2020.04.27,00:00,10490,10506,10482,10482,765
2020.04.27,04:00,10483,10492,10467,10482,1129
2020.04.27,08:00,10481,10493,10473,10482,1225
2020.04.27,12:00,10483,10499,10477,10494,1020
2020.04.27,16:00,10493,10501,10476,10486,1295
2020.04.27,20:00,10487,10490,10472,10472,662
2020.04.28,00:00,10470,10485,10469,10473,1047
2020.04.28,04:00,10474,10494,10471,10489,828
2020.04.28,08:00,10490,10498,10474,10478,1112
2020.04.28,12:00,10479,10496,10478,10495,1406
2020.04.28,16:00,10496,10504,10489,10496,1474
2020.04.28,20:00,10497,10502,10489,10500,677
2020.04.29,00:00,10500,10507,10498,10504,850
2020.04.29,04:00,10503,10507,10497,10499,670
2020.04.29,08:00,10498,10516,10492,10504,1030
2020.04.29,12:00,10505,10526,10493,10495,1203
2020.04.29,16:00,10494,10504,10483,10489,1286
2020.04.29,20:00,10488,10490,10463,10464,1157
2020.04.30,00:00,10464,10480,10464,10471,849
2020.04.30,04:00,10472,10487,10467,10479,882
2020.04.30,08:00,10480,10494,10466,10469,1139
2020.04.30,12:00,10468,10481,10463,10477,1207
2020.04.30,16:00,10478,10497,10390,10432,2506
2020.04.30,20:00,10433,10434,10374,10408,1290
2020.05.01,00:00,10407,10439,10403,10426,1218
2020.05.01,04:00,10427,10448,10424,10444,900
2020.05.01,08:00,10443,10479,10443,10466,1107
2020.05.01,12:00,10465,10500,10464,10492,1066
2020.05.01,16:00,10493,10502,10461,10497,1677
2020.05.01,20:00,10496,10501,10486,10489,868
2020.05.04,00:00,10488,10544,10488,10541,1006
2020.05.04,04:00,10540,10540,10524,10537,836
2020.05.04,08:00,10536,10546,10520,10524,1154
2020.05.04,12:00,10525,10538,10504,10518,1026
2020.05.04,16:00,10519,10529,10504,10525,1470
2020.05.04,20:00,10526,10533,10521,10522,811
2020.05.05,00:00,10521,10538,10520,10530,650
2020.05.05,04:00,10529,10532,10521,10525,490
2020.05.05,08:00,10524,10539,10504,10535,1245
2020.05.05,12:00,10536,10538,10517,10528,1266
2020.05.05,16:00,10527,10545,10518,10543,1440
2020.05.05,20:00,10542,10552,10535,10543,756
2020.05.06,00:00,10535,10582,10534,10579,1123
2020.05.06,04:00,10578,10582,10563,10565,668
2020.05.06,08:00,10564,10587,10557,10583,965
2020.05.06,12:00,10584,10607,10581,10597,1092
2020.05.06,16:00,10596,10634,10594,10629,1475
2020.05.06,20:00,10628,10634,10618,10626,759
2020.05.07,00:00,10625,10651,10618,10626,979
2020.05.07,04:00,10625,10627,10612,10615,754
2020.05.07,08:00,10616,10617,10570,10581,1195
2020.05.07,12:00,10582,10584,10557,10573,1130
2020.05.07,16:00,10572,10585,10549,10560,1660
2020.05.07,20:00,10559,10566,10554,10554,896
2020.05.08,00:00,10554,10557,10524,10532,1156
2020.05.08,04:00,10531,10541,10520,10523,902
2020.05.08,08:00,10524,10547,10520,10535,808
2020.05.08,12:00,10534,10540,10510,10511,1066
2020.05.08,16:00,10512,10528,10496,10497,1385
2020.05.08,20:00,10496,10504,10491,10494,655
2020.05.11,00:00,10495,10512,10464,10466,1018
2020.05.11,04:00,10465,10475,10455,10459,805
2020.05.11,08:00,10460,10475,10444,10466,1089
2020.05.11,12:00,10465,10493,10465,10478,1262
2020.05.11,16:00,10479,10480,10446,10447,1531
2020.05.11,20:00,10448,10453,10438,10444,705
2020.05.12,00:00,10443,10497,10443,10494,1295
2020.05.12,04:00,10493,10498,10482,10486,909
2020.05.12,08:00,10487,10488,10454,10461,1303
2020.05.12,12:00,10460,10464,10442,10446,1034
2020.05.12,16:00,10447,10475,10446,10471,1399
2020.05.12,20:00,10472,10516,10472,10513,881
2020.05.13,00:00,10513,10525,10497,10509,1084
2020.05.13,04:00,10508,10513,10498,10505,964
2020.05.13,08:00,10506,10527,10499,10514,1168
2020.05.13,12:00,10515,10521,10492,10502,1217
2020.05.13,16:00,10503,10550,10501,10544,2027
2020.05.13,20:00,10543,10554,10538,10540,1015
2020.05.14,00:00,10539,10558,10532,10553,1252
2020.05.14,04:00,10554,10572,10545,10565,854
2020.05.14,08:00,10566,10582,10562,10570,1078
2020.05.14,12:00,10571,10573,10553,10569,1322
2020.05.14,16:00,10568,10583,10562,10567,500
