 date, time, open, high, low, close, volume
1996.04.21,00:00,390.25,395.25,389.65,390.85,2245
1996.04.28,00:00,390.25,395.00,389.55,392.70,2090
1996.05.05,00:00,392.35,396.20,390.10,390.60,2160
1996.05.12,00:00,390.90,393.20,390.30,392.50,1335
1996.05.19,00:00,391.65,392.20,389.40,390.75,1445
1996.05.26,00:00,390.75,392.80,389.90,391.00,1400
1996.06.02,00:00,390.50,391.20,383.70,385.60,2380
1996.06.09,00:00,385.40,386.90,382.60,384.90,1865
1996.06.16,00:00,384.00,386.90,382.50,384.70,1640
1996.06.23,00:00,384.10,386.30,380.10,380.70,1775
1996.06.30,00:00,381.20,383.20,380.25,382.00,1525
1996.07.07,00:00,382.25,384.75,380.50,384.00,2320
1996.07.14,00:00,383.60,386.50,382.40,385.20,1990
1996.07.21,00:00,384.30,386.50,383.20,385.40,1865
1996.07.28,00:00,384.75,387.90,383.20,387.80,1845
1996.08.04,00:00,387.50,390.50,387.00,388.00,1590
1996.08.11,00:00,387.40,388.75,385.30,386.10,1285
1996.08.18,00:00,386.00,388.80,386.00,388.50,1345
1996.08.25,00:00,388.25,390.00,385.70,386.75,1505
1996.09.01,00:00,386.70,387.90,384.50,385.30,1885
1996.09.08,00:00,383.50,386.30,381.10,382.70,1665
1996.09.15,00:00,382.20,384.80,380.30,382.10,1700
1996.09.22,00:00,381.00,383.75,379.70,381.00,1950
1996.09.29,00:00,380.25,381.60,377.00,380.60,1885
1996.10.06,00:00,379.65,383.30,379.45,381.60,1740
1996.10.13,00:00,381.25,382.50,379.10,380.50,1060
1996.10.20,00:00,379.70,385.40,379.60,383.05,1780
1996.10.27,00:00,382.85,383.70,376.80,378.10,1935
1996.11.03,00:00,377.70,381.30,377.10,379.30,2005
1996.11.10,00:00,379.50,385.20,378.50,380.00,2340
1996.11.17,00:00,380.10,383.00,375.50,376.35,2900
1996.11.24,00:00,375.85,376.40,371.30,371.90,1304
1996.12.01,00:00,370.25,374.80,365.70,369.20,4060
1996.12.08,00:00,368.25,370.50,367.60,368.95,1977
1996.12.15,00:00,368.20,370.80,367.10,369.00,1800
1996.12.22,00:00,368.50,370.10,368.30,369.85,574
1996.12.29,00:00,369.30,370.90,360.60,361.25,2044
1997.01.05,00:00,361.00,361.50,353.10,359.30,2705
1997.01.12,00:00,358.35,360.80,351.50,355.70,3270
1997.01.19,00:00,354.80,355.70,346.20,352.80,3360
1997.01.26,00:00,352.45,357.90,343.20,344.35,3625
1997.02.02,00:00,343.75,347.70,338.80,342.00,3335
1997.02.09,00:00,342.55,347.00,336.15,345.00,4296
1997.02.16,00:00,344.10,355.60,341.05,352.50,3894
1997.02.23,00:00,352.29,363.50,351.10,361.00,4099
1997.03.02,00:00,362.90,364.20,347.75,349.25,3652
1997.03.09,00:00,348.95,354.65,348.60,352.50,2740
1997.03.16,00:00,352.25,354.20,345.30,353.10,3911
1997.03.23,00:00,352.15,353.50,345.90,349.10,3036
1997.03.30,00:00,348.60,352.25,346.60,349.00,2840
1997.04.06,00:00,347.39,349.90,345.30,347.20,2554
1997.04.13,00:00,346.70,347.90,337.50,341.70,3672
1997.04.20,00:00,341.35,343.75,340.00,342.20,1850
1997.04.27,00:00,342.10,342.60,338.60,340.00,1995
1997.05.04,00:00,340.00,347.75,339.00,347.75,2915
1997.05.11,00:00,347.79,351.40,343.20,344.30,3554
1997.05.18,00:00,344.29,345.00,339.70,342.85,2416
1997.05.25,00:00,342.30,347.50,342.20,344.90,1794
1997.06.01,00:00,344.20,345.70,339.20,343.90,2870
1997.06.08,00:00,344.50,345.25,340.60,341.30,1740
1997.06.15,00:00,340.60,343.00,337.10,337.95,1911
1997.06.22,00:00,336.60,340.75,333.70,334.80,2505
1997.06.29,00:00,334.50,337.00,322.25,324.75,3790
1997.07.06,00:00,324.25,324.80,313.70,321.60,4774
1997.07.13,00:00,321.20,330.40,316.60,329.20,3967
1997.07.20,00:00,327.55,329.60,320.30,326.25,4255
1997.07.27,00:00,325.45,329.80,323.30,325.00,3280
1997.08.03,00:00,324.50,328.90,317.25,327.40,3719
1997.08.10,00:00,326.25,329.70,322.90,325.80,3101
1997.08.17,00:00,324.50,328.50,320.50,325.00,3524
1997.08.24,00:00,325.75,327.60,323.50,325.50,2695
1997.08.31,00:00,324.10,325.60,320.30,322.80,2295
1997.09.07,00:00,321.50,326.00,320.30,324.00,2234
1997.09.14,00:00,323.60,325.00,319.35,321.10,2410
1997.09.21,00:00,320.60,328.20,320.00,327.00,2254
1997.09.28,00:00,325.90,339.80,325.85,335.10,4290
1997.10.05,00:00,334.29,335.10,325.30,329.90,3572
1997.10.12,00:00,329.89,331.25,323.20,325.50,2858
1997.10.19,00:00,324.89,325.50,307.80,308.75,3557
1997.10.26,00:00,308.75,318.70,307.25,311.70,4494
1997.11.02,00:00,310.90,316.40,307.70,310.50,3625
1997.11.09,00:00,310.00,314.75,299.00,303.60,4196
1997.11.16,00:00,303.30,307.20,302.10,304.00,2800
1997.11.23,00:00,304.60,306.90,294.50,296.70,2659
1997.11.30,00:00,297.25,297.75,285.79,288.50,3594
1997.12.07,00:00,287.90,289.40,281.10,283.10,3601
1997.12.14,00:00,282.70,291.30,282.50,289.30,4037
1997.12.21,00:00,288.50,297.10,288.00,294.90,1628
1997.12.28,00:00,294.35,295.00,286.70,288.50,2644
1998.01.04,00:00,288.00,289.80,277.90,278.75,4350
1998.01.11,00:00,279.00,293.50,276.75,290.40,3946
1998.01.18,00:00,290.00,300.80,285.10,300.00,4580
1998.01.25,00:00,298.50,306.50,295.80,302.70,5190
1998.02.01,00:00,302.20,304.20,294.00,298.40,4900
1998.02.08,00:00,297.80,302.30,297.30,299.60,2695
1998.02.15,00:00,298.75,300.90,296.00,297.50,2835
1998.02.22,00:00,296.60,300.50,290.50,299.40,2975
1998.03.01,00:00,299.50,300.70,292.75,294.70,3135
1998.03.08,00:00,293.95,296.60,293.30,295.60,1525
1998.03.15,00:00,295.10,295.70,286.20,292.00,3505
1998.03.22,00:00,292.10,304.90,291.45,302.50,3195
1998.03.29,00:00,302.00,308.90,298.60,308.50,3374
1998.04.05,00:00,307.50,314.90,306.00,308.00,3871
1998.04.12,00:00,309.60,311.50,305.75,308.00,2215
1998.04.19,00:00,306.90,315.20,306.40,312.90,2735
1998.04.26,00:00,312.25,313.65,301.10,302.50,3892
1998.05.03,00:00,302.45,306.00,296.60,300.10,3295
1998.05.10,00:00,299.55,303.90,295.10,301.50,3560
1998.05.17,00:00,301.00,302.20,297.00,300.10,2475
1998.05.24,00:00,298.85,300.10,290.40,293.20,2925
1998.05.31,00:00,292.75,294.65,286.75,291.90,3065
1998.06.07,00:00,290.95,299.30,284.50,286.25,5700
1998.06.14,00:00,285.25,300.50,283.70,299.00,4030
1998.06.21,00:00,299.29,299.80,291.90,294.10,3096
1998.06.28,00:00,292.90,298.70,291.90,295.10,2545
1998.07.05,00:00,293.85,296.15,289.50,291.10,2935
1998.07.12,00:00,289.60,295.70,288.00,294.75,2534
1998.07.19,00:00,293.45,296.10,290.20,291.70,2355
1998.07.26,00:00,291.10,292.40,285.70,286.70,2665
1998.08.02,00:00,286.20,290.35,282.50,286.90,3035
1998.08.09,00:00,286.10,287.70,282.00,284.30,2690
1998.08.16,00:00,284.20,287.30,282.20,285.05,2870
1998.08.23,00:00,283.90,285.55,270.75,274.60,3745
1998.08.30,00:00,273.90,287.70,273.80,287.10,3185
1998.09.06,00:00,286.50,297.30,282.90,294.00,4020
1998.09.13,00:00,292.45,293.60,286.35,291.70,3350
1998.09.20,00:00,290.40,300.30,287.05,294.40,3930
1998.09.27,00:00,293.15,303.80,291.60,300.80,3915
1998.10.04,00:00,300.10,305.20,293.80,297.00,3945
1998.10.11,00:00,296.75,301.30,294.40,300.20,3100
1998.10.18,00:00,299.80,300.30,291.20,293.10,2700
1998.10.25,00:00,291.85,295.00,290.60,292.80,1910
1998.11.01,00:00,292.60,295.10,287.60,293.40,2725
1998.11.08,00:00,292.40,298.00,289.50,296.20,3089
1998.11.15,00:00,295.50,298.65,293.25,296.40,2465
1998.11.22,00:00,295.90,297.70,294.90,296.55,1740
1998.11.29,00:00,295.80,296.80,291.20,292.70,2341
1998.12.06,00:00,291.80,297.60,289.30,291.10,3165
1998.12.13,00:00,291.45,296.70,288.40,289.30,2700
1998.12.20,00:00,289.50,291.10,285.00,286.50,2309
1998.12.27,00:00,285.60,289.00,285.50,288.50,1269
1999.01.03,00:00,288.30,292.60,285.90,291.60,2230
1999.01.10,00:00,290.90,293.75,284.40,286.70,2620
1999.01.17,00:00,285.90,289.00,285.05,286.60,1995
1999.01.24,00:00,286.20,288.70,281.40,286.40,2735
1999.01.31,00:00,286.40,290.70,286.00,288.80,2145
1999.02.07,00:00,288.40,290.80,286.20,289.80,1865
1999.02.14,00:00,289.15,290.95,284.20,288.60,2340
1999.02.21,00:00,287.60,288.90,285.10,287.30,2205
1999.02.28,00:00,286.50,289.60,285.10,288.20,2000
1999.03.07,00:00,287.80,294.65,287.70,292.10,1985
1999.03.14,00:00,291.90,292.45,281.40,284.50,3125
1999.03.21,00:00,283.70,285.80,278.70,280.00,2400
1999.03.28,00:00,279.85,281.45,278.10,280.70,1539
1999.04.04,00:00,279.60,282.50,277.00,281.80,2160
1999.04.11,00:00,281.65,285.40,280.50,284.50,2425
1999.04.18,00:00,283.30,285.65,282.35,283.80,1555
1999.04.25,00:00,283.15,288.10,280.05,286.80,2630
1999.05.02,00:00,286.20,290.20,279.05,283.00,3195
1999.05.09,00:00,282.10,282.60,275.10,276.20,2860
1999.05.16,00:00,275.50,277.15,271.85,273.20,2475
1999.05.23,00:00,271.75,273.80,267.40,270.50,2845
1999.05.30,00:00,269.90,271.65,263.25,265.50,3005
1999.06.06,00:00,264.40,267.90,256.90,260.90,3495
1999.06.13,00:00,259.00,263.65,257.75,259.80,2665
1999.06.20,00:00,258.80,261.90,257.70,259.70,2120
1999.06.27,00:00,259.35,263.90,258.80,263.00,1280
1999.07.04,00:00,262.80,263.75,255.25,257.40,3075
1999.07.11,00:00,256.50,257.55,252.45,254.10,2660
1999.07.18,00:00,253.75,257.40,252.05,255.00,2135
1999.07.25,00:00,255.40,257.50,252.60,256.20,2215
1999.08.01,00:00,255.65,258.85,253.60,255.70,2595
1999.08.08,00:00,255.70,261.95,255.15,260.90,2255
1999.08.15,00:00,260.10,262.50,257.10,257.60,2565
1999.08.22,00:00,256.85,258.15,251.70,254.00,2360
1999.08.29,00:00,253.25,256.70,253.05,254.50,2285
1999.09.05,00:00,254.00,257.85,253.95,256.80,1395
1999.09.12,00:00,256.25,258.20,254.50,255.00,1675
1999.09.19,00:00,254.50,271.75,254.15,269.00,3375
1999.09.26,00:00,268.50,327.80,268.50,310.30,17130
1999.10.03,00:00,307.00,342.00,307.00,322.20,13445
1999.10.10,00:00,319.00,326.60,310.50,316.40,8995
1999.10.17,00:00,313.38,320.00,300.10,303.90,7972
1999.10.24,00:00,301.30,304.00,285.75,300.20,6955
1999.10.31,00:00,294.50,299.00,286.00,291.60,5796
1999.11.07,00:00,286.75,299.75,286.40,291.80,4005
1999.11.14,00:00,290.75,297.38,288.60,295.50,3271
1999.11.21,00:00,293.85,300.40,293.40,297.62,2349
1999.11.28,00:00,296.20,298.65,278.88,280.30,4918
1999.12.05,00:00,278.40,286.50,274.00,279.20,4939
1999.12.12,00:00,278.40,286.38,278.00,284.30,3221
1999.12.19,00:00,283.30,291.00,281.88,287.75,3245
1999.12.26,00:00,287.12,292.20,286.50,289.00,2759
2000.01.02,00:00,287.50,291.50,278.70,282.00,4736
2000.01.09,00:00,281.15,285.68,280.25,284.60,2597
2000.01.16,00:00,283.80,290.25,282.40,289.50,2905
2000.01.23,00:00,287.00,291.50,280.30,282.75,4169
2000.01.30,00:00,281.60,315.80,281.50,310.80,6740
2000.02.06,00:00,313.00,327.00,294.80,311.15,11670
2000.02.13,00:00,310.35,316.75,297.00,305.75,8890
2000.02.20,00:00,303.40,307.50,291.10,294.50,5219
2000.02.27,00:00,291.25,295.35,286.88,289.00,4653
2000.03.05,00:00,288.00,294.70,287.00,289.50,4636
2000.03.12,00:00,290.00,292.65,282.40,285.10,4295
2000.03.19,00:00,282.80,292.15,282.35,285.50,5515
2000.03.26,00:00,284.50,285.85,274.00,279.40,4630
2000.04.02,00:00,278.50,289.25,275.30,280.70,6106
2000.04.09,00:00,280.10,287.00,278.55,283.10,4435
2000.04.16,00:00,284.25,285.80,278.30,280.50,3030
2000.04.23,00:00,279.50,281.40,272.60,273.60,3517
2000.04.30,00:00,275.00,283.30,272.10,279.20,3840
2000.05.07,00:00,278.70,281.20,275.00,276.40,3135
2000.05.14,00:00,276.20,278.00,271.50,274.50,3480
2000.05.21,00:00,273.85,277.65,268.70,272.80,3890
2000.05.28,00:00,272.20,283.20,271.00,281.40,3535
2000.06.04,00:00,280.80,291.65,277.60,284.35,5590
2000.06.11,00:00,282.75,294.62,282.65,289.50,5574
2000.06.18,00:00,288.90,290.90,282.20,283.40,3880
2000.06.25,00:00,282.90,293.60,281.55,289.30,3725
2000.07.02,00:00,288.60,290.60,281.60,284.00,3675
2000.07.09,00:00,283.40,285.90,279.00,281.30,2715
2000.07.16,00:00,280.20,284.65,277.05,280.60,3435
2000.07.23,00:00,280.25,282.15,277.30,278.90,3080
2000.07.30,00:00,278.00,279.60,271.70,273.50,3580
2000.08.06,00:00,272.50,276.05,270.80,275.40,2985
2000.08.13,00:00,274.50,279.40,272.60,277.15,3185
2000.08.20,00:00,276.45,277.80,270.00,274.50,3130
2000.08.27,00:00,273.40,279.10,272.10,277.00,2640
2000.09.03,00:00,276.70,278.35,271.00,273.40,3260
2000.09.10,00:00,272.70,276.05,270.60,272.70,3130
2000.09.17,00:00,271.80,276.50,268.25,272.40,3750
2000.09.24,00:00,271.90,279.95,271.55,274.50,3365
2000.10.01,00:00,274.10,275.05,268.40,269.90,3320
2000.10.08,00:00,269.15,278.10,268.25,272.90,3600
2000.10.15,00:00,272.65,275.70,268.90,271.80,4100
2000.10.22,00:00,270.90,272.65,261.85,264.72,3687
2000.10.29,00:00,264.42,267.30,262.85,265.40,3397
2000.11.05,00:00,265.45,267.30,263.00,265.00,3070
2000.11.12,00:00,264.75,268.85,263.65,266.00,2750
2000.11.19,00:00,266.00,268.45,265.00,266.10,2185
2000.11.26,00:00,265.70,273.50,265.25,269.60,3885
2000.12.03,00:00,269.50,276.40,269.10,273.00,3465
2000.12.10,00:00,272.50,273.75,267.80,270.70,2590
2000.12.17,00:00,270.30,275.95,268.75,274.20,2705
2000.12.24,00:00,273.54,276.65,270.65,272.50,2505
2000.12.31,00:00,272.45,274.00,266.00,268.40,3195
2001.01.07,00:00,267.85,270.40,263.00,264.57,2763
2001.01.14,00:00,264.10,267.25,262.36,265.00,2630
2001.01.21,00:00,264.50,269.75,261.70,263.55,4025
2001.01.28,00:00,262.90,269.45,262.05,267.80,2990
2001.02.04,00:00,267.20,268.05,258.80,260.90,3540
2001.02.11,00:00,260.40,262.60,253.50,259.20,3275
2001.02.18,00:00,258.60,262.40,255.65,261.80,2880
2001.02.25,00:00,261.30,270.12,261.25,263.10,3679
2001.03.04,00:00,262.50,273.05,259.50,272.00,3615
2001.03.11,00:00,271.90,275.60,257.95,259.30,4965
2001.03.18,00:00,259.10,264.60,258.25,262.60,2825
2001.03.25,00:00,261.90,264.00,256.75,258.20,3125
2001.04.01,00:00,257.80,261.25,254.20,260.30,3160
2001.04.08,00:00,259.80,261.75,256.05,259.50,2895
2001.04.15,00:00,259.00,266.10,257.95,264.90,3435
2001.04.22,00:00,264.15,267.45,261.35,263.90,3140
2001.04.29,00:00,263.30,268.05,262.65,266.40,1725
2001.05.06,00:00,266.15,271.25,264.05,268.30,2804
2001.05.13,00:00,267.90,287.30,266.00,287.30,3845
2001.05.20,00:00,285.75,299.00,274.57,277.90,8971
2001.05.27,00:00,277.40,280.00,264.40,267.30,4824
2001.06.03,00:00,266.50,275.50,264.25,274.00,3375
2001.06.10,00:00,273.00,277.40,266.10,271.80,5055
2001.06.17,00:00,271.00,276.20,270.60,272.90,3610
2001.06.24,00:00,272.30,279.55,267.30,271.10,4775
2001.07.01,00:00,270.60,272.50,264.15,266.50,3285
2001.07.08,00:00,266.50,270.35,265.10,267.60,2760
2001.07.15,00:00,266.95,272.35,266.25,270.30,3010
2001.07.22,00:00,270.15,270.80,265.00,267.80,2560
2001.07.29,00:00,267.60,269.55,264.00,268.80,2675
2001.08.05,00:00,268.50,277.55,265.75,274.80,3350
2001.08.12,00:00,273.50,281.70,273.00,279.50,3645
2001.08.19,00:00,279.00,280.05,271.55,273.10,3915
2001.08.26,00:00,272.25,276.75,270.15,274.70,3170
2001.09.02,00:00,274.45,275.25,270.70,273.40,2635
2001.09.09,00:00,273.00,296.00,270.45,285.80,10345
2001.09.16,00:00,288.00,296.10,283.75,291.70,6821
2001.09.23,00:00,290.50,294.65,286.50,293.45,5166
2001.09.30,00:00,292.00,293.70,288.10,291.20,3917
2001.10.07,00:00,290.75,294.62,279.70,284.70,5254
2001.10.14,00:00,284.20,286.25,277.20,279.90,4675
2001.10.21,00:00,279.40,280.00,273.95,277.60,2875
2001.10.28,00:00,277.10,282.50,276.65,280.20,2860
2001.11.04,00:00,279.70,281.60,276.00,277.95,3035
2001.11.11,00:00,277.20,282.50,273.45,275.10,4025
2001.11.18,00:00,274.60,276.25,271.70,273.15,2425
2001.11.25,00:00,272.80,276.55,272.00,274.65,2330
2001.12.02,00:00,274.15,278.70,273.10,274.80,2875
2001.12.09,00:00,274.30,279.95,270.95,278.70,2395
2001.12.16,00:00,277.35,281.75,274.00,278.40,3640
2001.12.23,00:00,277.70,281.25,275.55,276.80,2891
2001.12.30,00:00,275.90,280.75,275.65,279.20,2680
2002.01.06,00:00,278.40,290.00,276.90,287.80,3832
2002.01.13,00:00,286.60,290.00,282.45,283.80,3800
2002.01.20,00:00,283.30,284.55,277.35,279.20,2955
2002.01.27,00:00,279.20,287.70,276.60,286.50,3260
2002.02.03,00:00,285.25,309.30,284.90,304.00,6727
2002.02.10,00:00,303.50,305.80,295.10,298.10,5215
2002.02.17,00:00,298.50,299.88,289.55,293.00,4079
2002.02.24,00:00,292.75,300.12,290.40,298.40,3848
2002.03.03,00:00,297.60,300.62,287.40,290.00,3884
2002.03.10,00:00,289.35,295.40,288.85,290.30,3290
2002.03.17,00:00,289.80,298.38,289.50,298.00,2517
2002.03.24,00:00,297.40,305.27,295.35,302.75,3424
2002.03.31,00:00,301.75,307.45,297.75,300.30,4074
2002.04.07,00:00,299.85,303.75,296.75,301.90,3275
2002.04.14,00:00,301.90,306.60,297.15,302.60,3875
2002.04.21,00:00,302.00,312.50,301.35,311.60,3520
2002.04.28,00:00,310.75,313.85,306.35,312.20,4095
2002.05.05,00:00,311.50,314.40,307.55,311.30,3775
2002.05.12,00:00,310.60,312.65,305.95,311.30,2845
2002.05.19,00:00,310.60,324.48,309.75,320.80,5431
2002.05.26,00:00,320.30,330.25,319.50,326.80,5290
2002.06.02,00:00,326.30,332.15,319.75,324.20,5150
2002.06.09,00:00,324.60,325.60,315.45,319.60,4970
2002.06.16,00:00,319.10,325.60,316.25,324.90,3340
2002.06.23,00:00,324.40,327.30,309.90,314.70,6980
2002.06.30,00:00,313.70,316.40,310.00,311.80,2745
2002.07.07,00:00,311.20,318.50,309.90,316.30,4165
2002.07.14,00:00,315.70,326.40,315.50,324.20,4045
2002.07.21,00:00,323.70,326.23,300.50,304.00,7516
2002.07.28,00:00,304.20,308.50,298.45,307.40,4180
2002.08.04,00:00,307.10,316.05,303.70,314.80,4985
2002.08.11,00:00,314.30,318.50,310.80,314.20,3795
2002.08.18,00:00,313.70,316.40,303.95,307.30,4745
2002.08.25,00:00,306.70,315.30,306.20,313.00,3575
2002.09.01,00:00,312.50,322.10,310.90,320.50,3005
2002.09.08,00:00,319.90,324.60,314.40,317.10,4000
2002.09.14,00:00,316.55,324.50,313.50,322.15,8492
2002.09.15,00:00,316.90,324.50,313.50,322.15,7607
2002.09.21,00:00,322.15,328.30,318.50,319.95,7833
2002.09.22,00:00,322.15,328.30,318.50,319.95,7833
2002.09.28,00:00,320.25,325.50,319.00,322.25,3816
2002.09.29,00:00,320.25,325.50,319.00,322.25,5085
2002.10.05,00:00,322.25,323.70,315.90,316.75,3369
2002.10.06,00:00,322.25,323.70,315.90,316.75,3369
2002.10.12,00:00,318.45,319.10,310.22,312.85,5650
2002.10.13,00:00,318.45,319.10,310.22,312.85,9091
2002.10.19,00:00,312.75,314.10,310.20,313.15,2690
2002.10.20,00:00,312.75,314.60,308.50,313.05,4785
2002.10.27,00:00,313.27,321.80,312.50,318.75,6594
2002.11.03,00:00,320.35,323.50,316.50,321.05,5760
2002.11.10,00:00,321.55,325.40,316.50,320.55,8395
2002.11.17,00:00,320.55,322.50,316.30,321.05,6153
2002.11.24,00:00,320.15,321.50,315.62,318.15,4227
2002.12.01,00:00,318.47,329.60,315.70,326.25,8188
2002.12.08,00:00,326.57,336.00,322.30,330.55,7011
2002.12.15,00:00,333.15,354.72,331.90,340.25,10693
2002.12.22,00:00,340.76,351.51,340.45,349.25,5549
2002.12.29,00:00,349.17,353.50,341.10,351.25,7406
2003.01.05,00:00,349.85,357.75,344.45,354.75,13924
2003.01.12,00:00,354.75,359.20,345.51,356.55,12530
2003.01.19,00:00,356.55,370.50,353.05,368.35,10417
2003.01.26,00:00,373.97,374.22,362.40,368.15,12584
2003.02.02,00:00,368.15,389.25,366.75,369.75,14699
2003.02.09,00:00,369.75,373.36,346.75,351.55,14859
2003.02.16,00:00,351.00,355.05,341.00,351.90,12305
2003.02.23,00:00,351.75,360.65,344.75,349.95,13194
2003.03.02,00:00,349.50,358.60,344.70,350.75,13161
2003.03.09,00:00,352.22,355.47,331.45,336.35,9998
2003.03.16,00:00,339.45,345.65,325.49,326.05,10092
2003.03.23,00:00,328.13,334.70,325.88,332.45,9520
2003.03.30,00:00,332.61,339.15,321.88,325.38,10311
2003.04.06,00:00,321.72,329.55,318.88,328.05,10633
2003.04.13,00:00,326.13,328.50,321.88,327.25,6799
2003.04.20,00:00,327.13,336.66,326.30,333.25,10107
2003.04.27,00:00,333.34,344.00,327.13,340.95,10912
2003.05.04,00:00,341.72,349.95,339.15,348.55,10220
2003.05.11,00:00,348.80,357.50,348.05,354.75,10654
2003.05.18,00:00,357.00,373.65,356.40,368.75,11734
2003.05.25,00:00,368.00,375.02,358.30,364.85,9158
2003.06.01,00:00,363.25,370.30,359.36,363.85,11546
2003.06.08,00:00,362.75,367.45,350.70,356.95,16449
2003.06.15,00:00,356.85,366.10,354.80,356.45,15283
2003.06.22,00:00,356.45,358.70,342.60,345.45,17351
2003.06.29,00:00,345.55,354.20,344.10,351.05,10293
2003.07.06,00:00,351.75,353.00,341.80,344.75,16823
2003.07.13,00:00,345.25,350.10,340.30,347.35,16157
2003.07.20,00:00,346.75,365.40,346.50,362.95,20781
2003.07.27,00:00,362.80,368.80,344.80,346.60,20488
2003.08.03,00:00,348.80,358.70,346.10,356.80,19609
2003.08.10,00:00,356.50,368.30,355.10,363.50,18479
2003.08.17,00:00,363.50,367.80,356.00,363.10,18272
2003.08.24,00:00,363.30,378.60,358.50,375.30,20334
2003.08.31,00:00,375.00,380.00,369.10,377.10,6716
2003.09.07,00:00,377.30,384.00,373.00,375.00,7985
2003.09.14,00:00,375.30,384.30,371.10,381.80,8645
2003.09.21,00:00,381.00,394.50,378.80,380.60,10135
2003.09.28,00:00,381.10,388.80,366.50,369.30,9455
2003.10.05,00:00,369.80,378.80,367.60,373.10,9559
2003.10.12,00:00,373.10,377.60,366.00,371.30,13083
2003.10.19,00:00,371.30,392.80,369.00,388.60,18639
2003.10.26,00:00,387.60,392.10,379.30,384.00,15371
2003.11.02,00:00,384.60,386.10,375.30,383.30,13697
2003.11.09,00:00,382.80,399.50,381.60,397.80,15437
2003.11.16,00:00,397.30,401.60,385.30,395.80,13901
2003.11.23,00:00,395.80,401.10,389.10,397.80,9185
2003.11.30,00:00,397.50,407.60,396.30,406.10,14310
2003.12.07,00:00,406.10,412.70,402.10,408.80,11915
2003.12.14,00:00,409.10,413.80,401.30,409.10,13095
2003.12.21,00:00,409.00,414.80,407.10,412.26,5634
2003.12.28,00:00,412.30,418.60,410.80,416.10,5417
2004.01.04,00:00,414.80,431.10,414.30,425.70,19656
2004.01.11,00:00,427.20,430.10,404.50,406.30,25343
2004.01.18,00:00,407.85,414.30,406.00,407.50,22279
2004.01.25,00:00,407.50,416.00,395.80,401.60,32645
2004.02.01,00:00,402.60,410.10,394.10,403.00,24442
2004.02.08,00:00,402.90,418.20,402.00,409.60,25012
2004.02.15,00:00,412.50,417.80,393.80,397.00,26362
2004.02.22,00:00,397.00,405.80,390.30,396.00,26318
2004.02.29,00:00,395.00,404.00,387.60,401.00,27288
2004.03.07,00:00,400.90,406.50,394.00,394.90,24863
2004.03.14,00:00,395.50,414.70,395.00,412.00,18429
2004.03.21,00:00,411.90,424.30,410.30,421.30,14863
2004.03.28,00:00,421.50,431.60,415.60,420.90,14984
2004.04.04,00:00,421.00,424.30,413.00,420.80,14044
2004.04.11,00:00,420.50,422.60,394.80,400.50,14494
2004.04.18,00:00,400.40,406.30,388.70,394.80,14368
2004.04.25,00:00,395.10,400.10,377.20,386.70,11222
2004.05.02,00:00,386.80,395.50,376.90,378.50,13279
2004.05.09,00:00,378.60,384.80,370.50,376.60,11000
2004.05.16,00:00,376.70,387.80,374.30,384.50,17038
2004.05.23,00:00,384.10,397.30,382.30,393.30,11642
2004.05.30,00:00,393.30,399.30,384.80,389.60,8318
2004.06.06,00:00,390.25,395.80,381.60,384.30,9431
2004.06.13,00:00,384.30,396.80,381.10,394.80,10314
2004.06.20,00:00,394.10,403.80,392.10,401.60,9289
2004.06.27,00:00,402.30,405.60,390.30,398.30,10351
2004.07.04,00:00,397.89,409.60,388.50,407.60,6035
2004.07.11,00:00,407.30,409.30,399.80,406.10,5245
2004.07.18,00:00,406.50,408.30,386.80,390.10,4567
2004.07.25,00:00,390.00,394.10,385.10,390.60,4943
2004.08.01,00:00,390.80,401.30,388.60,399.80,3389
2004.08.08,00:00,399.10,401.60,391.80,398.60,8912
2004.08.15,00:00,398.30,414.80,397.60,412.70,7895
2004.08.22,00:00,413.00,413.60,400.80,402.80,10723
2004.08.29,00:00,402.30,411.80,398.60,400.30,9117
2004.09.05,00:00,400.10,403.30,394.30,402.30,12775
2004.09.12,00:00,401.60,407.60,398.10,405.50,14511
2004.09.19,00:00,405.30,412.60,402.80,407.10,11893
2004.09.26,00:00,409.30,420.30,406.60,419.50,13836
2004.10.03,00:00,418.80,424.30,411.30,422.80,6950
2004.10.10,00:00,422.60,424.00,409.10,418.80,6132
2004.10.17,00:00,418.10,426.80,414.30,424.20,6299
2004.10.24,00:00,424.60,431.20,420.30,428.10,6776
2004.10.31,00:00,429.10,434.60,416.80,433.10,6455
2004.11.07,00:00,433.10,439.50,430.70,437.80,5968
2004.11.14,00:00,437.80,448.80,434.80,447.10,8766
2004.11.21,00:00,446.60,455.80,445.50,451.80,6318
2004.11.28,00:00,452.00,457.30,446.60,455.30,7043
2004.12.05,00:00,455.30,456.80,431.50,434.20,10707
2004.12.12,00:00,433.70,443.30,433.70,441.50,6482
2004.12.19,00:00,441.30,444.60,438.30,442.10,5063
2004.12.26,00:00,443.10,446.10,433.10,437.79,6497
2005.01.02,00:00,438.30,438.80,416.50,418.60,7283
2005.01.09,00:00,419.60,428.30,418.30,422.60,9228
2005.01.16,00:00,423.00,428.80,419.60,427.20,7007
2005.01.23,00:00,426.10,428.60,420.30,426.50,8995
2005.01.30,00:00,425.80,427.10,413.30,414.70,9691
2005.02.06,00:00,414.20,422.60,409.80,420.30,10191
2005.02.13,00:00,420.00,429.10,420.00,427.30,10681
2005.02.20,00:00,426.79,437.30,425.79,434.80,10524
2005.02.27,00:00,434.30,438.70,428.30,433.80,9847
2005.03.06,00:00,433.80,447.60,431.80,444.30,5750
2005.03.13,00:00,444.30,446.00,435.50,438.80,5000
2005.03.20,00:00,438.60,440.20,423.50,425.00,6509
2005.03.27,00:00,424.30,429.50,423.10,425.60,6719
2005.04.03,00:00,425.80,429.00,421.80,426.60,8012
2005.04.10,00:00,426.70,430.60,421.70,424.30,8716
2005.04.17,00:00,424.70,436.20,422.80,434.20,7820
2005.04.24,00:00,434.30,438.20,429.80,434.50,8444
2005.05.01,00:00,434.60,435.10,423.20,425.80,8929
2005.05.08,00:00,425.70,429.00,418.20,419.80,11272
2005.05.15,00:00,419.30,423.80,416.30,417.10,8233
2005.05.22,00:00,417.10,420.80,415.30,420.10,7247
2005.05.29,00:00,420.00,425.30,413.30,422.30,5301
2005.06.05,00:00,422.10,428.80,420.60,426.60,4174
2005.06.12,00:00,426.60,439.80,423.50,437.10,4386
2005.06.19,00:00,437.60,444.20,433.60,439.80,4224
2005.06.26,00:00,439.30,440.80,426.30,426.80,3812
2005.07.03,00:00,427.70,429.30,421.30,423.10,2967
2005.07.10,00:00,422.60,428.30,417.80,421.10,4127
2005.07.17,00:00,421.30,427.50,418.50,425.00,3246
2005.07.24,00:00,424.60,431.30,421.50,429.30,4149
2005.07.31,00:00,429.80,439.80,428.60,436.80,5136
2005.08.07,00:00,437.20,449.10,432.60,445.70,4272
2005.08.14,00:00,445.70,446.50,435.60,435.80,3758
2005.08.21,00:00,436.00,440.30,435.30,437.20,3397
2005.08.28,00:00,438.10,446.80,429.00,443.80,3328
2005.09.04,00:00,444.10,449.30,442.30,448.30,7802
2005.09.11,00:00,448.20,459.80,444.50,459.30,5552
2005.09.18,00:00,458.80,475.00,458.20,462.80,5454
2005.09.25,00:00,463.30,474.10,457.60,468.80,5064
2005.10.02,00:00,467.30,475.60,462.80,474.30,4425
2005.10.09,00:00,474.10,480.00,465.30,469.20,5592
2005.10.16,00:00,469.00,475.00,459.50,466.30,4898
2005.10.23,00:00,465.80,475.50,462.80,472.10,4707
2005.10.30,00:00,472.20,472.80,454.80,456.30,4678
2005.11.06,00:00,456.50,469.60,455.80,468.20,4292
2005.11.13,00:00,468.30,488.60,466.10,484.80,5683
2005.11.20,00:00,485.00,496.79,484.30,495.70,10653
2005.11.27,00:00,498.10,506.30,490.30,502.80,5415
2005.12.04,00:00,503.60,530.20,503.50,525.70,4910
2005.12.11,00:00,526.00,540.50,492.80,502.70,7332
2005.12.18,00:00,501.80,508.80,489.30,502.30,5789
2005.12.25,00:00,502.50,517.10,501.89,516.00,3887
2006.01.01,00:00,516.70,539.70,516.20,539.20,5461
2006.01.08,00:00,539.00,557.20,534.70,556.70,7157
2006.01.15,00:00,555.70,567.60,539.50,554.00,10624
2006.01.22,00:00,553.00,566.10,549.00,559.00,5559
2006.01.29,00:00,556.60,574.70,556.60,567.15,5029
2006.02.05,00:00,567.00,573.20,544.70,550.50,6370
2006.02.12,00:00,549.00,554.00,534.60,551.60,5700
2006.02.19,00:00,552.20,559.50,547.00,558.50,6832
2006.02.26,00:00,558.60,570.70,551.70,564.70,4263
2006.03.05,00:00,565.20,568.00,533.70,540.50,4506
2006.03.12,00:00,540.20,557.10,538.20,553.60,3810
2006.03.19,00:00,553.70,560.70,544.70,559.60,3398
2006.03.26,00:00,559.50,589.10,558.20,583.50,5045
2006.04.02,00:00,582.35,597.70,581.20,588.20,4719
2006.04.09,00:00,588.60,603.70,588.00,597.90,5625
2006.04.16,00:00,605.50,645.20,603.20,633.50,6656
2006.04.23,00:00,638.50,655.50,618.20,653.70,5754
2006.04.30,00:00,654.10,684.20,650.70,683.20,7222
2006.05.07,00:00,682.20,729.70,670.50,714.20,7775
2006.05.14,00:00,714.30,719.70,650.60,657.20,17837
2006.05.21,00:00,657.70,674.50,635.60,651.20,11108
2006.05.28,00:00,653.50,664.70,618.70,637.70,9424
2006.06.04,00:00,638.00,645.10,600.60,607.10,18331
2006.06.11,00:00,606.70,611.20,543.20,580.60,15822
2006.06.18,00:00,580.10,594.70,560.70,582.50,8336
2006.06.25,00:00,584.20,616.00,576.60,615.20,5802
2006.07.02,00:00,617.00,637.00,614.10,628.70,3444
2006.07.09,00:00,629.50,667.20,620.20,663.60,5757
2006.07.16,00:00,667.50,676.00,615.50,619.20,6948
2006.07.23,00:00,620.10,640.20,602.10,634.20,5291
2006.07.30,00:00,636.00,655.50,629.00,646.00,4902
2006.08.06,00:00,644.00,654.60,626.20,632.00,4905
2006.08.13,00:00,632.70,632.70,607.00,614.20,4790
2006.08.20,00:00,614.70,630.10,613.20,622.00,4674
2006.08.27,00:00,622.60,627.50,607.20,624.70,4627
2006.09.03,00:00,624.50,640.20,606.20,610.20,7687
2006.09.10,00:00,603.20,610.10,570.30,579.00,20052
2006.09.17,00:00,582.60,592.20,571.80,589.10,21429
2006.09.24,00:00,589.50,606.50,581.70,597.70,14277
2006.10.01,00:00,598.00,603.60,559.20,573.20,23237
2006.10.08,00:00,574.10,589.80,568.70,589.60,16827
2006.10.15,00:00,591.20,602.00,585.60,591.10,15119
2006.10.22,00:00,591.20,599.70,572.30,599.30,19478
2006.10.29,00:00,598.30,629.00,597.60,626.80,21057
2006.11.05,00:00,626.00,636.20,612.70,628.10,25432
2006.11.12,00:00,628.00,632.20,614.20,621.20,23650
2006.11.19,00:00,620.20,639.70,619.80,637.70,16218
2006.11.26,00:00,639.50,649.60,632.50,644.80,16908
2006.12.03,00:00,645.50,648.20,622.70,624.60,21606
2006.12.10,00:00,623.80,630.70,614.10,614.70,15539
2006.12.17,00:00,615.20,624.20,611.10,619.30,14727
2006.12.24,00:00,624.00,635.70,622.80,635.60,7217
2006.12.31,00:00,638.20,644.70,601.50,606.70,14442
2007.01.07,00:00,608.20,627.20,603.30,626.50,19558
2007.01.14,00:00,626.30,636.20,619.70,634.70,14384
2007.01.21,00:00,635.50,654.20,631.60,645.50,17892
2007.01.28,00:00,645.30,661.00,640.70,647.20,16342
2007.02.04,00:00,647.60,668.60,645.70,666.20,16199
2007.02.11,00:00,667.30,671.50,659.60,668.50,18641
2007.02.18,00:00,669.10,688.00,655.30,682.00,16268
2007.02.25,00:00,681.10,688.10,639.10,642.00,27507
2007.03.04,00:00,644.10,657.70,632.20,648.70,25284
2007.03.11,00:00,650.10,655.10,636.50,652.70,18629
2007.03.18,00:00,653.00,666.30,651.70,656.90,16112
2007.03.25,00:00,656.20,669.00,655.00,663.20,16963
2007.04.01,00:00,663.10,675.30,655.90,673.90,17848
2007.04.08,00:00,673.60,685.40,670.30,684.60,18584
2007.04.15,00:00,685.50,693.20,678.70,691.30,20548
2007.04.22,00:00,691.60,693.30,670.40,680.90,21493
2007.04.29,00:00,680.80,690.20,667.20,688.30,16713
2007.05.06,00:00,687.90,690.40,664.00,670.50,18322
2007.05.13,00:00,670.30,674.70,653.30,661.20,19038
2007.05.20,00:00,661.30,664.90,651.50,655.50,16134
2007.05.27,00:00,655.30,671.30,651.60,671.20,12420
2007.06.03,00:00,671.10,673.60,643.60,648.20,16771
2007.06.10,00:00,648.80,655.50,642.70,654.80,15173
2007.06.17,00:00,654.50,661.80,647.50,653.60,15493
2007.06.24,00:00,653.90,654.20,638.30,649.10,15861
2007.07.01,00:00,650.20,658.30,645.00,655.30,12673
2007.07.08,00:00,655.20,668.80,653.30,666.40,19794
2007.07.15,00:00,666.10,686.40,662.30,682.70,18154
2007.07.22,00:00,682.80,687.50,656.50,660.60,22202
2007.07.29,00:00,660.70,675.10,658.80,672.50,18896
2007.08.05,00:00,672.60,676.40,657.70,672.40,20818
2007.08.12,00:00,671.40,672.70,641.60,657.20,26050
2007.08.19,00:00,656.40,668.60,652.70,668.00,24483
2007.08.26,00:00,667.70,674.50,660.70,672.80,20731
2007.09.02,00:00,672.70,706.60,671.00,700.20,20398
2007.09.09,00:00,700.30,717.00,698.70,707.00,27043
2007.09.16,00:00,707.20,739.10,706.00,730.80,35844
2007.09.23,00:00,731.00,745.40,721.60,742.90,28956
2007.09.30,00:00,742.80,747.40,720.30,742.20,28423
2007.10.07,00:00,740.40,753.40,726.30,749.30,32859
2007.10.14,00:00,749.20,771.40,747.30,764.80,42907
2007.10.21,00:00,766.20,785.50,745.00,784.70,35431
2007.10.28,00:00,787.00,807.60,776.50,806.30,48033
2007.11.04,00:00,807.40,845.40,800.60,831.60,65367
2007.11.11,00:00,829.70,831.20,782.20,785.70,67263
2007.11.18,00:00,787.10,825.20,772.50,823.30,31299
2007.11.25,00:00,823.70,836.60,778.70,782.70,60066
2007.12.02,00:00,783.80,806.50,776.80,794.40,51287
2007.12.09,00:00,795.40,816.90,787.40,794.40,47467
2007.12.16,00:00,793.00,812.00,784.80,811.20,35148
2007.12.23,00:00,811.10,839.40,807.90,839.10,12776
2007.12.30,00:00,838.00,869.00,828.50,859.20,31615
2008.01.06,00:00,859.50,897.80,854.80,894.90,61756
2008.01.13,00:00,897.00,914.00,869.80,882.70,69522
2008.01.20,00:00,882.10,923.30,849.60,913.50,60936
2008.01.27,00:00,911.70,936.70,903.50,905.00,55757
2008.02.03,00:00,904.80,922.40,883.90,922.10,48675
2008.02.10,00:00,919.20,926.70,895.80,902.00,49166
2008.02.17,00:00,902.10,953.40,899.90,944.70,46959
2008.02.24,00:00,945.20,975.80,926.00,973.50,48464
2008.03.02,00:00,974.30,992.50,956.10,972.50,55875
2008.03.09,00:00,975.90,1006.70,960.60,1002.50,48578
2008.03.16,00:00,1003.90,1032.20,904.40,917.70,39302
2008.03.23,00:00,912.60,954.70,906.10,931.20,37868
2008.03.30,00:00,931.10,940.50,871.80,913.40,44747
2008.04.06,00:00,912.50,939.30,902.70,924.70,35821
2008.04.13,00:00,920.00,952.40,904.40,916.20,30830
2008.04.20,00:00,916.90,928.40,877.50,885.80,32604
2008.04.27,00:00,887.50,895.40,844.90,855.90,37933
2008.05.04,00:00,858.00,889.30,857.40,884.30,31275
2008.05.11,00:00,883.50,904.40,859.60,902.10,35862
2008.05.18,00:00,902.50,934.90,900.50,924.50,30594
2008.05.25,00:00,924.80,930.50,870.40,886.30,29068
2008.06.01,00:00,887.90,901.90,864.60,901.80,33391
2008.06.08,00:00,902.30,908.80,857.10,871.00,38134
2008.06.15,00:00,870.00,908.30,866.30,901.60,34578
2008.06.22,00:00,901.70,930.40,873.20,927.30,35182
2008.06.29,00:00,928.40,946.20,918.20,933.60,33645
2008.07.06,00:00,932.00,967.40,912.40,963.70,43000
2008.07.13,00:00,965.80,988.00,949.50,954.50,48344
2008.07.20,00:00,956.50,975.70,916.50,929.10,37270
2008.07.27,00:00,928.00,932.90,893.60,910.30,35870
2008.08.03,00:00,910.80,915.10,850.50,856.20,43595
2008.08.10,00:00,855.70,865.60,772.60,787.10,54451
2008.08.17,00:00,790.50,838.80,781.90,822.70,44429
2008.08.24,00:00,824.60,843.70,806.60,830.70,42006
2008.08.31,00:00,834.60,836.10,789.10,803.30,42225
2008.09.07,00:00,813.50,817.80,735.90,764.90,49658
2008.09.14,00:00,775.30,909.70,764.20,872.80,55957
2008.09.21,00:00,872.40,911.20,861.70,877.80,57019
2008.09.28,00:00,872.00,923.90,819.00,835.30,70917
2008.10.05,00:00,833.00,931.10,825.40,849.60,58053
2008.10.12,00:00,845.80,871.90,772.40,782.80,52600
2008.10.19,00:00,782.90,809.70,681.40,733.20,69206
2008.10.26,00:00,735.00,777.20,706.60,723.70,58818
2008.11.02,00:00,726.70,768.60,721.40,735.80,59143
2008.11.09,00:00,738.10,767.90,699.70,741.20,65067
2008.11.16,00:00,740.90,801.30,730.60,800.00,67086
2008.11.23,00:00,801.80,830.50,785.90,817.50,58132
2008.11.30,00:00,818.50,818.50,741.10,755.70,83639
2008.12.07,00:00,754.30,834.30,754.30,821.30,57790
2008.12.14,00:00,824.20,881.50,822.10,837.50,67553
2008.12.21,00:00,837.70,871.10,829.90,867.00,44505
2008.12.28,00:00,876.40,887.80,855.30,874.60,24663
2009.01.04,00:00,881.80,884.10,836.20,853.00,92195
2009.01.11,00:00,853.50,853.80,801.90,841.70,69440
2009.01.18,00:00,843.50,902.70,823.20,898.70,77123
2009.01.25,00:00,897.90,929.20,874.20,926.50,86058
2009.02.01,00:00,927.60,927.60,888.90,910.70,54566
2009.02.08,00:00,910.20,952.20,890.40,941.00,58433
2009.02.15,00:00,940.10,1005.90,935.70,992.10,30703
2009.02.22,00:00,993.60,997.70,927.50,941.60,59450
2009.03.01,00:00,939.00,957.90,899.50,938.60,126439
2009.03.08,00:00,936.00,940.30,890.80,929.00,119821
2009.03.15,00:00,924.80,966.80,883.00,951.40,145908
2009.03.22,00:00,954.60,956.70,916.10,922.40,110831
2009.03.29,00:00,923.90,932.60,890.30,892.40,126874
2009.04.05,00:00,896.20,896.20,865.10,881.15,121093
2009.04.12,00:00,881.25,899.73,864.78,868.25,233945
2009.04.19,00:00,868.90,913.73,864.54,912.50,177083
2009.04.26,00:00,913.10,918.10,880.03,886.05,142830
2009.05.03,00:00,885.70,925.28,885.10,915.90,146690
2009.05.10,00:00,915.83,933.98,908.36,931.15,95497
2009.05.17,00:00,929.65,960.92,915.82,956.95,138393
2009.05.24,00:00,955.88,980.02,941.11,978.57,111704
2009.05.31,00:00,978.69,989.63,952.40,954.79,180291
2009.06.07,00:00,955.50,965.02,936.23,938.80,128929
2009.06.14,00:00,938.70,942.86,925.23,933.48,93231
2009.06.21,00:00,934.21,948.15,912.88,939.10,152000
2009.06.28,00:00,940.20,945.68,923.54,931.50,110197
2009.07.05,00:00,930.90,931.40,904.78,912.58,89637
2009.07.12,00:00,912.22,941.78,907.73,937.00,91600
2009.07.19,00:00,937.68,957.15,937.02,950.85,128052
2009.07.26,00:00,951.27,958.68,925.48,953.50,152302
2009.08.02,00:00,952.27,971.46,951.00,954.43,199753
2009.08.09,00:00,953.77,960.36,939.88,946.85,186117
2009.08.16,00:00,947.26,957.65,930.08,953.40,151487
2009.08.23,00:00,952.67,961.39,939.66,954.48,182691
2009.08.30,00:00,954.50,997.16,944.43,993.90,186330
2009.09.06,00:00,992.60,1011.57,982.57,1004.70,180629
2009.09.13,00:00,1005.30,1023.87,992.12,1007.10,185886
2009.09.20,00:00,1004.85,1019.67,985.00,990.80,239798
2009.09.27,00:00,991.97,1009.59,984.99,1002.40,179570
2009.10.04,00:00,1002.58,1061.35,1000.82,1048.85,194614
2009.10.11,00:00,1048.89,1070.58,1043.16,1053.20,278772
2009.10.18,00:00,1052.38,1067.75,1047.66,1055.00,311039
2009.10.25,00:00,1053.78,1059.54,1026.40,1044.96,286987
2009.11.01,00:00,1042.26,1100.94,1041.54,1094.70,298084
2009.11.08,00:00,1097.48,1122.70,1095.49,1118.28,271803
2009.11.15,00:00,1118.87,1152.78,1118.87,1150.20,277059
2009.11.22,00:00,1151.07,1194.95,1137.58,1177.28,188187
2009.11.29,00:00,1180.95,1226.37,1147.32,1160.82,191928
2009.12.06,00:00,1159.43,1168.47,1109.36,1115.10,216011
2009.12.13,00:00,1114.20,1141.51,1094.71,1112.98,190274
2009.12.20,00:00,1110.28,1119.32,1074.48,1105.15,125455
2009.12.27,00:00,1107.70,1113.40,1085.99,1098.30,183789
2010.01.03,00:00,1097.45,1140.65,1093.08,1138.25,115886
2010.01.10,00:00,1138.40,1161.65,1118.73,1130.98,398809
2010.01.17,00:00,1130.19,1141.30,1082.15,1092.76,392891
2010.01.24,00:00,1093.57,1103.89,1074.01,1080.67,420134
2010.01.31,00:00,1080.61,1124.80,1044.46,1065.95,432732
2010.02.07,00:00,1067.57,1097.64,1061.56,1093.05,418397
2010.02.14,00:00,1093.14,1126.83,1091.45,1118.99,376679
2010.02.21,00:00,1121.60,1130.75,1088.10,1117.30,248441
2010.02.28,00:00,1118.39,1144.62,1112.05,1134.55,237243
2010.03.07,00:00,1135.90,1137.50,1098.45,1101.49,204619
2010.03.14,00:00,1103.55,1133.13,1101.09,1106.64,261213
2010.03.21,00:00,1103.60,1109.13,1085.05,1107.10,316149
2010.03.28,00:00,1113.93,1127.69,1101.56,1122.18,275130
2010.04.04,00:00,1120.90,1164.37,1119.80,1161.54,284528
2010.04.11,00:00,1163.58,1169.44,1129.89,1137.11,293118
2010.04.18,00:00,1133.70,1157.56,1123.78,1157.37,287607
2010.04.25,00:00,1156.60,1181.41,1146.35,1178.72,286484
2010.05.02,00:00,1179.45,1213.13,1157.62,1207.87,351871
2010.05.09,00:00,1204.60,1249.12,1184.06,1232.46,311890
2010.05.16,00:00,1231.65,1242.06,1166.34,1176.81,391016
2010.05.23,00:00,1177.77,1218.26,1177.30,1214.05,313493
2010.05.30,00:00,1213.20,1228.62,1196.80,1219.58,297008
2010.06.06,00:00,1219.88,1251.69,1210.52,1226.25,349337
2010.06.13,00:00,1227.50,1262.08,1216.54,1256.58,141456
2010.06.20,00:00,1258.10,1265.02,1224.56,1255.45,133307
2010.06.27,00:00,1253.95,1262.50,1196.35,1211.33,164093
2010.07.04,00:00,1211.80,1214.28,1184.78,1211.54,129356
2010.07.11,00:00,1211.73,1217.75,1186.00,1192.68,132405
2010.07.18,00:00,1193.10,1203.75,1175.66,1188.82,145279
2010.07.25,00:00,1188.65,1194.53,1157.00,1180.55,119786
2010.08.01,00:00,1181.48,1210.74,1174.53,1204.98,119654
2010.08.08,00:00,1204.85,1217.38,1190.58,1215.20,121079
2010.08.15,00:00,1214.40,1237.25,1214.02,1227.58,108221
2010.08.22,00:00,1226.20,1243.94,1210.71,1237.80,124622
2010.08.29,00:00,1237.63,1254.48,1231.79,1246.34,117901
2010.09.05,00:00,1247.85,1262.05,1236.50,1245.75,97440
2010.09.12,00:00,1246.13,1282.58,1241.01,1273.93,127120
2010.09.19,00:00,1278.38,1299.66,1270.93,1296.18,241652
2010.09.26,00:00,1297.58,1320.44,1282.75,1318.72,284025
2010.10.03,00:00,1317.99,1364.55,1312.24,1347.21,356576
2010.10.10,00:00,1348.29,1387.03,1340.13,1368.17,386536
2010.10.17,00:00,1370.40,1374.76,1315.14,1328.18,401550
2010.10.24,00:00,1331.57,1359.14,1319.10,1358.95,438327
2010.10.31,00:00,1363.88,1397.81,1325.39,1393.23,439504
2010.11.07,00:00,1395.61,1424.18,1359.94,1368.25,570332
2010.11.14,00:00,1370.36,1376.50,1329.61,1353.19,448155
2010.11.21,00:00,1357.49,1382.09,1348.22,1363.17,449180
2010.11.28,00:00,1363.07,1415.53,1353.01,1413.68,485861
2010.12.05,00:00,1414.10,1430.76,1371.31,1385.60,439687
2010.12.12,00:00,1383.01,1407.98,1361.34,1374.96,404907
2010.12.19,00:00,1377.02,1391.84,1372.18,1383.00,259552
2010.12.26,00:00,1377.30,1418.83,1371.03,1418.19,194031
2011.01.02,00:00,1418.23,1423.77,1352.79,1368.78,238794
2011.01.09,00:00,1369.23,1393.00,1354.95,1361.78,290019
2011.01.16,00:00,1360.35,1378.77,1337.61,1342.35,423639
2011.01.23,00:00,1343.30,1353.08,1307.95,1336.11,455313
2011.01.30,00:00,1338.71,1357.82,1323.01,1348.72,533747
2011.02.06,00:00,1346.74,1368.01,1343.44,1356.51,474103
2011.02.13,00:00,1357.49,1391.66,1353.82,1389.82,236122
2011.02.20,00:00,1389.52,1417.89,1389.52,1410.09,446754
2011.02.27,00:00,1409.12,1439.94,1404.59,1430.58,510045
2011.03.06,00:00,1433.39,1444.37,1402.91,1417.11,503460
2011.03.13,00:00,1430.12,1430.50,1380.90,1418.16,517369
2011.03.20,00:00,1425.50,1447.35,1419.41,1429.32,75735
2011.03.27,00:00,1427.18,1439.22,1410.12,1428.31,106449
2011.04.03,00:00,1428.60,1474.89,1427.58,1474.53,397593
2011.04.10,00:00,1474.46,1487.99,1444.00,1486.64,506626
2011.04.17,00:00,1486.10,1508.90,1477.38,1503.52,360807
2011.04.24,00:00,1510.20,1569.06,1493.00,1563.30,486936
2011.05.01,00:00,1567.55,1575.13,1462.42,1495.26,386740
2011.05.08,00:00,1494.24,1526.40,1478.08,1494.87,527039
2011.05.15,00:00,1494.08,1515.60,1471.78,1511.78,508652
2011.05.22,00:00,1511.50,1538.21,1503.80,1536.06,482016
2011.05.29,00:00,1536.35,1550.15,1519.48,1541.90,204280
2011.06.05,00:00,1542.75,1553.47,1525.92,1530.87,173732
2011.06.12,00:00,1530.95,1541.90,1510.93,1539.20,186315
2011.06.19,00:00,1539.15,1557.86,1498.37,1502.22,177234
2011.06.26,00:00,1499.95,1513.97,1478.18,1487.27,360551
2011.07.03,00:00,1495.97,1545.20,1492.85,1543.85,270248
2011.07.10,00:00,1543.93,1594.07,1540.43,1593.30,385303
2011.07.17,00:00,1593.13,1609.73,1581.09,1600.99,418247
2011.07.24,00:00,1600.28,1632.37,1600.28,1626.78,417793
2011.07.31,00:00,1626.40,1681.80,1606.74,1663.50,392551
2011.08.07,00:00,1687.50,1813.91,1682.30,1746.05,329318
2011.08.14,00:00,1743.15,1876.65,1727.67,1851.60,255811
2011.08.21,00:00,1855.08,1911.55,1702.53,1826.60,410469
2011.08.28,00:00,1837.25,1884.33,1775.74,1882.52,306307
2011.09.04,00:00,1877.87,1920.60,1792.11,1855.32,319066
2011.09.11,00:00,1856.92,1861.28,1762.57,1811.52,327601
2011.09.18,00:00,1815.43,1827.68,1628.87,1656.12,338548
2011.09.25,00:00,1656.06,1677.10,1531.94,1623.57,396770
2011.10.02,00:00,1625.81,1678.35,1595.77,1637.77,311048
2011.10.09,00:00,1638.47,1692.03,1637.90,1680.52,258612
2011.10.16,00:00,1678.08,1694.79,1603.62,1641.87,295191
2011.10.23,00:00,1641.62,1752.37,1635.43,1742.97,270537
2011.10.30,00:00,1742.33,1767.56,1681.06,1754.18,273950
2011.11.06,00:00,1753.31,1802.89,1735.49,1788.26,262560
2011.11.13,00:00,1788.58,1795.97,1710.42,1723.59,277725
2011.11.20,00:00,1723.45,1726.35,1666.48,1682.33,265086
2011.11.27,00:00,1684.09,1763.03,1682.58,1746.12,273129
2011.12.04,00:00,1744.90,1755.84,1701.95,1710.98,290528
2011.12.11,00:00,1712.42,1714.58,1560.08,1598.60,341932
2011.12.18,00:00,1600.61,1641.61,1583.25,1606.67,247953
2011.12.25,00:00,1606.28,1606.70,1522.64,1564.47,183288
2012.01.01,00:00,1568.97,1631.14,1566.03,1617.19,242736
2012.01.08,00:00,1616.94,1661.95,1604.99,1638.98,297531
2012.01.15,00:00,1635.02,1669.96,1631.45,1666.40,393029
2012.01.22,00:00,1664.72,1738.01,1648.91,1737.74,401687
2012.01.29,00:00,1736.53,1762.98,1716.13,1724.84,522275
2012.02.05,00:00,1728.18,1752.51,1704.54,1719.46,539918
2012.02.12,00:00,1724.93,1737.16,1705.18,1721.71,469339
2012.02.19,00:00,1726.83,1787.34,1726.05,1772.02,311761
2012.02.26,00:00,1775.13,1790.52,1687.19,1711.97,480420
2012.03.04,00:00,1711.27,1716.63,1662.92,1711.92,490332
2012.03.11,00:00,1713.72,1714.09,1634.34,1659.72,505935
2012.03.18,00:00,1658.48,1669.72,1627.95,1661.55,500143
2012.03.25,00:00,1662.60,1696.83,1644.93,1668.35,387444
2012.04.01,00:00,1669.81,1683.30,1612.06,1640.15,299204
2012.04.08,00:00,1639.93,1679.94,1631.79,1656.03,363715
2012.04.15,00:00,1655.24,1657.78,1630.95,1642.07,358106
2012.04.22,00:00,1641.73,1667.45,1623.09,1662.08,338289
2012.04.29,00:00,1662.00,1671.40,1626.50,1641.95,287182
2012.05.06,00:00,1642.43,1642.55,1572.72,1581.43,350007
2012.05.13,00:00,1585.08,1597.23,1526.88,1591.46,393391
2012.05.20,00:00,1590.47,1599.01,1533.16,1572.70,388720
2012.05.27,00:00,1574.18,1629.81,1531.65,1622.19,345380
2012.06.03,00:00,1625.30,1640.63,1554.33,1594.05,333494
2012.06.10,00:00,1601.56,1633.40,1581.36,1625.73,384137
2012.06.17,00:00,1628.83,1633.40,1558.15,1573.00,690077
2012.06.24,00:00,1572.02,1607.22,1547.97,1598.70,586787
2012.07.01,00:00,1598.77,1624.97,1576.45,1583.89,530178
2012.07.08,00:00,1581.64,1601.45,1554.82,1588.25,552523
2012.07.15,00:00,1590.80,1598.95,1567.70,1584.01,562987
2012.07.22,00:00,1581.75,1629.55,1563.18,1623.80,548508
2012.07.29,00:00,1623.30,1627.90,1584.65,1602.93,845095
2012.08.05,00:00,1604.49,1626.43,1602.18,1620.55,783243
2012.08.12,00:00,1621.09,1625.55,1589.76,1616.03,324005
2012.08.19,00:00,1615.77,1674.70,1609.57,1669.40,267692
2012.08.26,00:00,1669.01,1692.78,1645.81,1691.82,248315
2012.09.02,00:00,1690.57,1742.17,1685.32,1736.45,299187
2012.09.09,00:00,1734.58,1777.63,1716.09,1771.75,284928
2012.09.16,00:00,1770.19,1787.42,1751.68,1773.05,209023
2012.09.23,00:00,1771.05,1783.18,1735.77,1773.35,185172
2012.09.30,00:00,1770.75,1795.75,1763.21,1780.57,267337
2012.10.07,00:00,1779.69,1780.05,1752.04,1754.25,275110
2012.10.14,00:00,1752.07,1753.48,1715.50,1722.28,384046
2012.10.21,00:00,1720.19,1730.35,1698.48,1712.04,443075
2012.10.28,00:00,1711.61,1726.96,1674.54,1677.68,286711
2012.11.04,00:00,1675.33,1738.98,1672.47,1731.40,335731
2012.11.11,00:00,1731.37,1738.05,1704.75,1711.87,478358
2012.11.18,00:00,1714.26,1754.39,1714.24,1750.50,364430
2012.11.25,00:00,1750.56,1752.21,1705.88,1713.80,498048
2012.12.02,00:00,1713.55,1722.68,1683.58,1704.60,523050
2012.12.09,00:00,1702.24,1723.35,1689.48,1694.30,461787
2012.12.16,00:00,1697.10,1703.07,1635.06,1654.87,430294
2012.12.23,00:00,1656.98,1667.93,1651.85,1657.40,201722
2012.12.30,00:00,1655.41,1694.93,1625.89,1656.72,297503
2013.01.06,00:00,1656.21,1678.85,1642.81,1663.17,511097
2013.01.13,00:00,1659.76,1697.22,1659.76,1684.17,537427
2013.01.20,00:00,1686.38,1696.17,1655.87,1659.15,496395
2013.01.27,00:00,1658.67,1683.93,1652.06,1667.82,588602
2013.02.03,00:00,1668.37,1685.10,1661.40,1668.66,589173
2013.02.10,00:00,1666.21,1669.62,1597.87,1608.99,620056
2013.02.17,00:00,1609.69,1618.80,1554.83,1580.53,651457
2013.02.24,00:00,1580.28,1620.21,1564.75,1575.57,380859
2013.03.03,00:00,1578.69,1586.51,1561.39,1578.09,340076
2013.03.10,00:00,1578.27,1599.36,1575.48,1591.91,280573
2013.03.17,00:00,1603.89,1616.94,1590.93,1608.54,312212
2013.03.24,00:00,1608.53,1613.64,1589.73,1596.85,249184
2013.03.31,00:00,1597.55,1603.90,1540.12,1579.53,370275
2013.04.07,00:00,1581.20,1590.40,1482.78,1488.06,383772
2013.04.14,00:00,1481.49,1495.59,1321.82,1400.94,1032563
2013.04.21,00:00,1408.34,1485.36,1403.92,1457.01,544799
2013.04.28,00:00,1466.46,1488.10,1440.41,1469.01,404080
2013.05.05,00:00,1470.26,1478.95,1419.57,1443.93,413445
2013.05.12,00:00,1449.11,1449.11,1355.26,1355.56,584838
2013.05.19,00:00,1363.70,1414.14,1337.67,1383.71,542310
2013.05.26,00:00,1394.80,1421.94,1373.70,1385.01,249590
2013.06.02,00:00,1388.23,1423.89,1377.79,1378.80,365171
2013.06.09,00:00,1383.08,1394.91,1365.60,1390.47,284829
2013.06.16,00:00,1390.81,1392.00,1269.51,1294.13,358704
2013.06.23,00:00,1297.48,1301.40,1180.17,1232.58,450736
2013.06.30,00:00,1233.61,1267.56,1208.07,1221.93,308550
2013.07.07,00:00,1222.38,1298.83,1215.65,1284.10,367099
2013.07.14,00:00,1284.97,1300.63,1270.11,1294.61,279746
2013.07.21,00:00,1297.04,1347.66,1296.06,1332.96,303867
2013.07.28,00:00,1333.20,1339.62,1282.94,1307.73,331158
2013.08.04,00:00,1312.65,1320.77,1272.82,1313.10,275021
2013.08.11,00:00,1315.23,1379.68,1314.78,1372.94,361864
2013.08.18,00:00,1378.63,1400.04,1352.19,1396.44,323404
2013.08.25,00:00,1398.68,1433.70,1389.46,1394.04,321231
2013.09.01,00:00,1393.38,1416.33,1360.38,1388.97,350986
2013.09.08,00:00,1391.09,1394.36,1304.92,1323.56,293303
2013.09.15,00:00,1335.09,1375.18,1291.76,1325.20,349116
2013.09.22,00:00,1326.39,1344.07,1305.66,1336.02,379317
2013.09.29,00:00,1341.23,1352.50,1277.92,1310.67,381642
2013.10.06,00:00,1311.12,1330.15,1260.98,1270.06,298985
2013.10.13,00:00,1276.70,1327.17,1251.65,1314.55,391950
2013.10.20,00:00,1316.11,1355.80,1310.13,1351.66,388772
2013.10.27,00:00,1351.40,1361.82,1306.11,1315.17,459622
2013.11.03,00:00,1313.82,1326.34,1281.13,1287.86,264311
2013.11.10,00:00,1287.78,1294.36,1261.39,1288.04,301065
2013.11.17,00:00,1289.42,1289.62,1236.60,1243.20,195670
2013.11.24,00:00,1242.40,1257.99,1226.42,1251.21,257459
2013.12.01,00:00,1250.86,1251.54,1211.70,1228.74,358565
2013.12.08,00:00,1230.37,1267.86,1220.59,1237.62,248729
2013.12.15,00:00,1237.96,1252.01,1187.25,1201.99,308605
2013.12.22,00:00,1202.80,1219.11,1192.80,1214.12,70885
2013.12.29,00:00,1213.89,1240.20,1182.86,1237.12,45818
2014.01.05,00:00,1236.97,1248.88,1210.22,1247.17,304341
2014.01.12,00:00,1247.66,1255.23,1234.19,1254.05,348014
2014.01.19,00:00,1252.26,1272.53,1231.52,1268.51,342546
2014.01.26,00:00,1269.00,1279.00,1238.01,1245.15,423070
2014.02.02,00:00,1241.84,1274.35,1240.81,1267.21,361941
2014.02.09,00:00,1265.40,1321.21,1265.10,1318.81,309364
2014.02.16,00:00,1318.94,1339.92,1307.31,1323.52,289467
2014.02.23,00:00,1325.25,1345.36,1318.72,1323.64,352259
2014.03.02,00:00,1332.23,1354.71,1328.00,1339.11,366885
2014.03.09,00:00,1338.53,1387.97,1328.09,1382.73,396094
2014.03.16,00:00,1389.73,1389.73,1320.44,1334.27,325790
2014.03.23,00:00,1330.65,1334.22,1285.57,1293.97,355100
2014.03.30,00:00,1293.67,1306.78,1277.62,1303.35,305975
2014.04.06,00:00,1303.67,1324.47,1295.58,1317.60,298987
2014.04.13,00:00,1320.46,1331.08,1284.63,1294.86,274997
2014.04.20,00:00,1298.06,1305.05,1268.46,1302.22,330150
2014.04.27,00:00,1302.94,1306.44,1272.84,1298.20,294654
2014.05.04,00:00,1300.08,1315.46,1284.88,1288.75,291095
2014.05.11,00:00,1289.47,1308.98,1277.33,1293.15,300948
2014.05.18,00:00,1292.43,1305.34,1283.28,1292.76,228923
2014.05.25,00:00,1291.85,1294.08,1242.14,1250.69,425038
2014.06.01,00:00,1249.09,1257.79,1240.47,1252.76,715610
2014.06.08,00:00,1252.69,1277.85,1250.38,1276.80,324917
2014.06.15,00:00,1275.36,1321.93,1258.80,1314.04,336869
2014.06.22,00:00,1314.42,1325.94,1306.11,1315.90,279343
2014.06.29,00:00,1315.52,1333.42,1308.89,1320.12,262462
2014.07.06,00:00,1320.39,1345.28,1311.44,1337.66,263141
2014.07.13,00:00,1338.06,1339.44,1292.46,1310.63,342490
2014.07.20,00:00,1310.01,1318.29,1287.56,1307.10,229912
2014.07.27,00:00,1307.60,1312.16,1278.16,1292.90,270165
2014.08.03,00:00,1292.76,1322.65,1282.42,1311.38,308243
2014.08.10,00:00,1308.75,1319.41,1292.59,1304.14,298637
2014.08.17,00:00,1302.29,1303.63,1272.98,1280.47,261195
2014.08.24,00:00,1279.51,1296.40,1274.43,1287.25,188211
2014.08.31,00:00,1276.00,1277.98,1257.23,1268.55,177864
2014.09.07,00:00,1267.48,1271.73,1227.53,1230.53,263080
2014.09.14,00:00,1227.41,1242.08,1213.62,1217.49,235406
2014.09.21,00:00,1214.73,1235.26,1206.75,1217.30,241158
2014.09.28,00:00,1217.58,1223.20,1189.91,1191.64,257506
2014.10.05,00:00,1191.33,1233.26,1182.85,1222.93,253335
2014.10.12,00:00,1223.34,1249.57,1221.78,1237.67,302944
2014.10.19,00:00,1238.33,1255.13,1226.23,1231.03,210234
2014.10.26,00:00,1228.33,1235.39,1161.03,1172.43,257688
2014.11.02,00:00,1170.70,1177.13,1131.73,1175.09,302590
2014.11.09,00:00,1177.10,1193.45,1146.04,1190.61,315169
2014.11.16,00:00,1185.62,1207.66,1174.99,1200.71,566949
2014.11.23,00:00,1199.87,1204.14,1165.14,1167.73,229558
2014.11.30,00:00,1159.15,1220.83,1142.36,1191.04,258285
2014.12.07,00:00,1190.71,1237.98,1186.68,1221.33,170220
2014.12.14,00:00,1220.15,1224.28,1183.46,1194.96,183680
2014.12.21,00:00,1195.06,1202.69,1170.55,1195.01,68332
2014.12.28,00:00,1193.50,1209.37,1165.88,1187.27,167147
2015.01.04,00:00,1187.33,1222.94,1178.09,1220.63,329281
2015.01.11,00:00,1222.89,1281.96,1217.53,1275.39,514750
2015.01.18,00:00,1279.90,1307.46,1272.00,1293.53,431292
2015.01.25,00:00,1292.13,1299.06,1252.02,1284.35,428723
2015.02.01,00:00,1281.52,1285.63,1228.28,1235.44,426595
2015.02.08,00:00,1235.72,1245.78,1216.60,1228.51,309708
2015.02.15,00:00,1226.80,1236.64,1197.51,1200.89,457817
2015.02.22,00:00,1202.52,1219.94,1189.10,1210.84,296707
2015.03.01,00:00,1212.95,1223.19,1163.70,1165.33,402879
2015.03.08,00:00,1169.36,1175.23,1147.47,1158.20,371692
2015.03.15,00:00,1156.00,1187.90,1142.68,1182.26,426802
2015.03.22,00:00,1186.04,1219.53,1179.25,1198.41,402963
2015.03.29,00:00,1197.96,1208.50,1178.36,1202.45,273966
2015.04.05,00:00,1213.87,1224.10,1192.91,1208.56,259755
2015.04.12,00:00,1207.01,1209.34,1183.88,1204.34,372257
2015.04.19,00:00,1204.81,1209.08,1175.13,1178.26,337557
2015.04.26,00:00,1179.48,1214.99,1169.63,1178.44,344554
2015.05.03,00:00,1177.29,1199.87,1177.29,1188.32,242381
2015.05.10,00:00,1189.24,1227.16,1178.90,1224.93,278257
2015.05.17,00:00,1223.43,1232.33,1201.51,1205.33,261987
2015.05.24,00:00,1205.04,1208.64,1180.30,1189.80,249485
2015.05.31,00:00,1190.55,1204.23,1162.71,1170.81,303957
2015.06.07,00:00,1170.88,1192.25,1169.19,1180.91,346905
2015.06.14,00:00,1180.88,1205.71,1172.79,1200.67,250094
2015.06.21,00:00,1199.91,1200.94,1168.59,1174.31,192656
2015.06.28,00:00,1184.31,1187.96,1157.02,1168.64,260571
2015.07.05,00:00,1173.92,1174.77,1147.18,1163.04,279746
2015.07.12,00:00,1163.23,1164.78,1131.06,1133.82,228798
2015.07.19,00:00,1133.35,1133.35,1077.25,1098.81,407491
2015.07.26,00:00,1099.23,1104.94,1079.99,1094.88,329759
2015.08.02,00:00,1095.71,1099.50,1080.98,1092.22,369513
2015.08.09,00:00,1094.55,1126.76,1089.61,1115.12,325704
2015.08.16,00:00,1114.05,1168.24,1109.63,1159.41,404363
2015.08.23,00:00,1160.55,1169.95,1117.70,1134.42,649733
2015.08.30,00:00,1132.85,1147.87,1117.22,1122.13,286166
2015.09.06,00:00,1123.36,1126.68,1098.73,1107.82,253077
2015.09.13,00:00,1107.38,1141.72,1102.52,1139.74,240484
2015.09.20,00:00,1138.83,1156.70,1121.34,1146.61,251260
2015.09.27,00:00,1145.08,1148.18,1104.57,1137.53,253445
2015.10.04,00:00,1137.61,1159.63,1130.12,1157.62,338519
2015.10.11,00:00,1155.46,1191.49,1151.81,1174.69,561432
2015.10.18,00:00,1176.84,1180.77,1158.93,1164.45,550207
2015.10.25,00:00,1163.01,1182.88,1139.04,1141.80,540006
2015.11.01,00:00,1141.42,1142.97,1085.47,1087.59,586240
2015.11.08,00:00,1089.74,1095.68,1074.13,1081.92,605224
2015.11.15,00:00,1088.67,1098.14,1064.10,1077.17,704242
2015.11.22,00:00,1076.68,1081.13,1052.68,1058.46,557497
2015.11.29,00:00,1057.64,1088.80,1046.29,1086.73,662051
2015.12.06,00:00,1085.89,1086.59,1062.40,1077.27,639301
2015.12.13,00:00,1072.66,1078.29,1047.64,1066.18,388184
2015.12.20,00:00,1065.73,1081.68,1063.80,1076.20,210956
2015.12.27,00:00,1075.13,1076.85,1058.14,1060.63,198516
2016.01.03,00:00,1062.42,1113.09,1061.75,1104.16,464753
2016.01.10,00:00,1103.92,1108.50,1071.35,1087.94,438003
2016.01.17,00:00,1088.99,1109.57,1082.50,1097.62,424682
2016.01.24,00:00,1097.52,1128.06,1097.14,1117.69,383217
2016.01.31,00:00,1117.46,1174.50,1115.38,1174.06,444626
2016.02.07,00:00,1173.05,1263.27,1164.19,1237.84,714152
2016.02.14,00:00,1235.17,1239.97,1190.88,1229.13,581450
2016.02.21,00:00,1225.60,1253.28,1201.85,1224.23,630502
2016.02.28,00:00,1222.43,1279.73,1215.58,1260.83,628061
2016.03.06,00:00,1259.64,1282.75,1236.98,1249.16,614935
2016.03.13,00:00,1250.97,1270.90,1225.61,1254.99,488891
2016.03.20,00:00,1255.28,1260.18,1212.48,1216.00,347824
2016.03.27,00:00,1215.77,1244.02,1207.80,1223.45,388750
2016.04.03,00:00,1220.26,1243.23,1214.57,1239.38,411055
2016.04.10,00:00,1239.84,1262.63,1223.81,1233.92,415939
2016.04.17,00:00,1234.14,1270.20,1227.29,1233.47,493653
2016.04.24,00:00,1232.69,1296.66,1229.99,1292.91,448957
2016.05.01,00:00,1290.00,1303.69,1268.81,1288.91,568628
2016.05.08,00:00,1284.14,1287.47,1256.78,1273.62,540368
2016.05.15,00:00,1271.92,1288.64,1243.75,1252.53,558582
2016.05.22,00:00,1250.70,1256.01,1206.70,1210.20,470605
2016.05.29,00:00,1212.82,1244.35,1199.78,1244.01,478391
2016.06.05,00:00,1242.62,1278.12,1234.74,1274.38,458167
2016.06.12,00:00,1275.28,1315.57,1272.38,1298.06,600613
2016.06.19,00:00,1289.57,1358.31,1249.66,1318.98,683252
2016.06.26,00:00,1320.27,1344.53,1305.44,1344.34,575370
2016.07.03,00:00,1341.53,1375.04,1334.99,1366.54,449903
2016.07.10,00:00,1367.22,1375.05,1320.06,1328.67,430372
2016.07.17,00:00,1332.17,1338.32,1310.78,1323.44,353844
2016.07.24,00:00,1322.78,1354.95,1312.29,1351.19,428698
2016.07.31,00:00,1349.82,1367.24,1334.68,1336.44,457459
2016.08.07,00:00,1335.07,1357.19,1329.90,1334.81,445009
2016.08.14,00:00,1338.11,1358.00,1335.71,1340.76,328963
2016.08.21,00:00,1340.27,1344.67,1317.89,1320.86,304143
2016.08.28,00:00,1320.61,1330.00,1302.45,1325.94,296037
2016.09.04,00:00,1324.11,1352.53,1321.70,1328.50,287901
2016.09.11,00:00,1327.65,1331.91,1306.17,1310.63,309318
2016.09.18,00:00,1309.75,1343.59,1307.84,1337.75,476235
2016.09.25,00:00,1336.84,1342.10,1313.21,1317.40,640234
2016.10.02,00:00,1318.32,1319.60,1241.37,1255.00,707079
2016.10.09,00:00,1256.99,1264.85,1246.05,1251.20,564736
2016.10.16,00:00,1250.79,1274.45,1250.07,1266.85,303843
2016.10.23,00:00,1264.59,1284.13,1260.36,1274.88,311008
2016.10.30,00:00,1277.58,1307.91,1271.16,1303.65,367459
2016.11.06,00:00,1292.77,1337.19,1218.95,1227.65,601673
2016.11.13,00:00,1226.96,1232.96,1202.85,1208.07,496282
2016.11.20,00:00,1207.58,1220.94,1170.78,1183.76,392332
2016.11.27,00:00,1184.21,1197.54,1160.65,1175.76,480882
2016.12.04,00:00,1180.01,1187.67,1156.16,1158.49,447390
2016.12.11,00:00,1158.84,1165.71,1122.76,1133.38,466909
2016.12.18,00:00,1133.65,1142.30,1125.67,1132.19,333836
2016.12.25,00:00,1133.81,1163.16,1131.57,1150.21,230716
2017.01.01,00:00,1149.81,1184.91,1146.00,1172.87,400294
2017.01.08,00:00,1171.55,1206.89,1171.42,1198.16,489457
2017.01.15,00:00,1199.54,1218.79,1195.81,1207.50,597483
2017.01.22,00:00,1208.66,1219.95,1180.52,1190.82,656166
2017.01.29,00:00,1192.44,1225.23,1188.24,1218.96,606012
2017.02.05,00:00,1219.66,1244.67,1219.11,1233.96,485217
2017.02.12,00:00,1232.24,1243.72,1216.64,1235.58,435417
2017.02.19,00:00,1235.07,1260.04,1226.10,1256.63,347091
2017.02.26,00:00,1257.67,1263.82,1222.85,1234.26,394732
2017.03.05,00:00,1233.37,1236.78,1194.97,1204.25,311070
2017.03.12,00:00,1205.81,1233.66,1197.22,1228.24,294671
2017.03.19,00:00,1230.36,1253.08,1226.84,1241.94,303025
2017.03.26,00:00,1245.77,1261.00,1239.66,1247.22,289702
2017.04.02,00:00,1250.00,1270.40,1243.67,1254.53,301064
2017.04.09,00:00,1253.96,1288.50,1247.08,1286.38,244290
2017.04.16,00:00,1290.29,1295.43,1274.05,1284.87,294950
2017.04.23,00:00,1275.56,1278.08,1259.95,1268.51,292669
2017.04.30,00:00,1267.16,1271.14,1225.69,1229.34,248746
2017.05.07,00:00,1221.57,1236.48,1214.25,1227.81,247393
2017.05.14,00:00,1228.09,1265.00,1226.92,1254.87,402602
2017.05.21,00:00,1256.95,1269.39,1247.85,1267.20,360404
2017.05.28,00:00,1267.71,1279.00,1259.00,1278.06,300640
2017.06.04,00:00,1279.92,1296.00,1264.59,1267.25,390302
2017.06.11,00:00,1267.16,1280.31,1251.39,1254.00,402126
2017.06.18,00:00,1254.04,1258.80,1240.86,1255.84,510432
2017.06.25,00:00,1257.18,1258.10,1235.92,1241.32,566788
2017.07.02,00:00,1241.66,1242.66,1207.24,1212.19,422834
2017.07.09,00:00,1212.31,1232.75,1204.76,1228.21,336212
2017.07.16,00:00,1229.07,1255.66,1228.25,1254.12,329441
2017.07.23,00:00,1255.43,1270.77,1243.74,1269.09,405080
2017.07.30,00:00,1270.19,1274.04,1254.18,1258.45,414765
2017.08.06,00:00,1257.81,1292.03,1251.47,1291.19,467801
2017.08.13,00:00,1290.17,1300.70,1267.24,1286.37,543936
2017.08.20,00:00,1283.09,1294.23,1276.38,1291.12,479195
2017.08.27,00:00,1292.24,1328.81,1291.68,1326.01,789470
2017.09.03,00:00,1333.39,1357.50,1326.34,1346.70,873249
2017.09.10,00:00,1336.99,1340.04,1315.95,1320.84,564039
2017.09.17,00:00,1319.21,1319.67,1288.14,1296.88,558849
2017.09.24,00:00,1298.13,1313.48,1277.75,1280.08,608285
2017.10.01,00:00,1279.56,1282.06,1260.56,1274.54,468927
2017.10.08,00:00,1276.13,1303.72,1275.25,1303.67,478028
2017.10.15,00:00,1302.27,1305.98,1276.69,1280.13,466884
2017.10.22,00:00,1278.95,1283.58,1263.72,1272.90,452692
2017.10.29,00:00,1272.53,1284.03,1265.67,1269.59,389657
2017.11.05,00:00,1269.17,1288.38,1266.09,1275.66,478694
2017.11.12,00:00,1273.89,1296.82,1270.22,1293.60,435113
2017.11.19,00:00,1293.44,1294.75,1274.92,1288.27,387676
2017.11.26,00:00,1289.16,1299.16,1270.30,1280.67,557721
2017.12.03,00:00,1277.16,1277.17,1243.91,1247.87,495035
2017.12.10,00:00,1247.43,1261.75,1236.44,1255.70,403652
2017.12.17,00:00,1253.83,1275.91,1252.72,1273.90,365752
2017.12.24,00:00,1274.28,1307.52,1273.34,1303.20,268559
2017.12.31,00:00,1302.74,1325.86,1302.26,1320.34,348724
2018.01.07,00:00,1319.96,1339.25,1308.34,1338.02,474980
2018.01.14,00:00,1336.47,1344.61,1324.21,1332.19,544190
2018.01.21,00:00,1333.71,1366.00,1328.38,1349.45,654662
2018.01.28,00:00,1349.37,1352.29,1327.44,1331.85,718153
2018.02.04,00:00,1331.70,1346.02,1307.02,1314.77,938289
2018.02.11,00:00,1314.93,1361.66,1314.10,1348.62,710994
2018.02.18,00:00,1347.34,1351.26,1320.90,1329.28,604175
2018.02.25,00:00,1328.03,1340.87,1302.75,1321.86,653843
2018.03.04,00:00,1323.92,1340.42,1312.93,1323.47,664652
2018.03.11,00:00,1322.91,1329.96,1309.63,1313.64,641580
2018.03.18,00:00,1313.15,1350.13,1307.16,1346.78,683878
2018.03.25,00:00,1346.82,1356.74,1321.19,1323.89,539958
2018.04.01,00:00,1325.34,1348.01,1320.29,1333.11,679066
2018.04.08,00:00,1333.68,1365.16,1326.83,1344.33,731801
2018.04.15,00:00,1346.43,1355.62,1334.96,1335.54,722057
2018.04.22,00:00,1334.01,1335.36,1315.23,1323.71,661817
2018.04.29,00:00,1323.24,1325.28,1301.77,1313.94,671296
2018.05.06,00:00,1314.13,1325.86,1304.34,1319.04,716382
2018.05.13,00:00,1318.10,1322.25,1285.30,1291.67,729771
2018.05.20,00:00,1289.92,1307.71,1282.03,1300.34,610436
2018.05.27,00:00,1299.42,1306.39,1289.47,1293.00,748954
2018.06.03,00:00,1292.00,1303.01,1289.74,1298.40,607863
2018.06.10,00:00,1299.72,1309.20,1275.37,1280.43,585117
2018.06.17,00:00,1277.31,1283.99,1261.39,1270.17,451402
2018.06.24,00:00,1270.06,1272.46,1245.88,1252.42,629492
2018.07.01,00:00,1251.53,1261.01,1237.86,1254.94,522454
2018.07.08,00:00,1255.18,1265.81,1236.46,1241.52,567951
2018.07.15,00:00,1240.70,1245.47,1211.51,1230.61,616887
2018.07.22,00:00,1230.63,1235.12,1217.53,1223.10,659134
2018.07.29,00:00,1221.72,1228.47,1204.41,1213.48,567173
2018.08.05,00:00,1213.53,1217.77,1205.71,1211.22,534523
2018.08.12,00:00,1210.70,1213.78,1160.11,1184.22,711959
2018.08.19,00:00,1183.29,1208.42,1182.72,1205.63,590587
2018.08.26,00:00,1207.35,1214.22,1196.29,1199.27,613460
2018.09.02,00:00,1200.67,1206.89,1189.63,1196.10,602886
2018.09.09,00:00,1194.99,1212.57,1187.70,1193.94,562110
2018.09.16,00:00,1193.90,1210.96,1191.84,1198.88,559042
2018.09.23,00:00,1198.74,1204.03,1180.82,1191.60,521630
2018.09.30,00:00,1192.27,1208.19,1184.53,1203.02,508554
2018.10.07,00:00,1202.96,1226.23,1183.25,1217.82,595082
2018.10.14,00:00,1217.50,1233.18,1216.78,1226.29,550540
2018.10.21,00:00,1227.24,1243.34,1220.06,1233.94,645689
2018.10.28,00:00,1233.22,1237.27,1209.19,1232.50,544148
2018.11.04,00:00,1232.37,1236.14,1206.69,1209.82,514098
2018.11.11,00:00,1207.15,1225.21,1196.29,1221.80,594406
2018.11.18,00:00,1219.78,1229.96,1217.95,1222.57,454109
2018.11.25,00:00,1223.20,1228.85,1211.16,1221.72,514583
2018.12.02,00:00,1221.81,1249.96,1220.43,1248.38,569629
2018.12.09,00:00,1249.60,1250.46,1232.87,1238.25,588143
2018.12.16,00:00,1238.58,1266.39,1235.63,1255.41,586239
2018.12.23,00:00,1256.80,1282.07,1256.80,1279.91,489799
2018.12.30,00:00,1279.71,1298.47,1276.60,1284.85,492110
2019.01.06,00:00,1285.29,1296.97,1279.32,1288.27,550174
2019.01.13,00:00,1287.16,1295.79,1280.58,1280.62,486817
2019.01.20,00:00,1281.02,1300.21,1276.75,1299.56,390743
2019.01.27,00:00,1302.74,1326.16,1297.64,1317.72,489510
2019.02.03,00:00,1317.53,1318.97,1302.74,1314.28,419402
2019.02.10,00:00,1313.91,1322.51,1302.34,1320.94,457164
2019.02.17,00:00,1321.25,1346.64,1320.58,1328.32,496031
2019.02.24,00:00,1329.18,1332.46,1290.14,1290.25,505760
2019.03.03,00:00,1293.11,1300.64,1280.80,1300.07,524327
2019.03.10,00:00,1296.56,1311.18,1290.42,1301.90,486704
2019.03.17,00:00,1302.20,1320.29,1298.15,1313.07,518435
2019.03.24,00:00,1312.45,1324.41,1286.72,1292.01,548583
2019.03.31,00:00,1292.35,1296.92,1280.89,1291.77,506090
2019.04.07,00:00,1291.63,1310.52,1289.67,1290.24,471207
2019.04.14,00:00,1290.65,1291.88,1271.19,1272.52,401628
2019.04.21,00:00,1275.69,1288.59,1266.30,1285.40,485036
2019.04.28,00:00,1287.03,1287.12,1266.21,1278.12,504999
2019.05.05,00:00,1280.79,1291.40,1276.95,1285.94,619139
2019.05.12,00:00,1287.39,1303.24,1274.89,1277.90,542363
2019.05.19,00:00,1277.11,1287.21,1269.48,1284.73,492953
2019.05.26,00:00,1284.16,1306.85,1274.97,1306.29,545467
2019.06.02,00:00,1307.46,1348.17,1305.94,1341.25,724765
